author,author_flair_css_class,author_flair_richtext,author_flair_text,author_flair_type,can_mod_post,contest_mode,created_utc,domain,full_link,gilded,id,is_crosspostable,is_original_content,is_reddit_media_domain,is_self,is_video,link_flair_richtext,link_flair_text_color,link_flair_type,locked,media_only,no_follow,num_comments,num_crossposts,over_18,parent_whitelist_status,permalink,pinned,pwls,retrieved_on,rte_mode,score,selftext,send_replies,spoiler,stickied,subreddit,subreddit_id,subreddit_subscribers,subreddit_type,thumbnail,title,url,whitelist_status,wls,post_hint,preview,thumbnail_height,thumbnail_width,link_flair_background_color,link_flair_text,suggested_sort,link_flair_css_class,link_flair_template_id,crosspost_parent,crosspost_parent_list
Escalus_Hamaya,,[],,text,False,False,1530724936,i.redd.it,https://www.reddit.com/r/SeattleWA/comments/8w3cpv/a_thousand_feet_above_discovery_park/,0,8w3cpv,True,False,True,False,False,[],dark,text,False,False,True,18,0,False,all_ads,/r/SeattleWA/comments/8w3cpv/a_thousand_feet_above_discovery_park/,False,6,1530724937,markdown,232,,True,False,False,SeattleWA,t5_2vbli,61343,public,default,A thousand feet above Discovery Park,https://i.redd.it/f31ohmzlty711.jpg,all_ads,6,,,,,,,,,,,
dolphins3,,[],,text,False,False,1530723217,newsweek.com,https://www.reddit.com/r/SeattleWA/comments/8w34mk/president_trump_countdown_clock_showing_days/,0,8w34mk,True,False,False,False,False,[],dark,text,False,False,True,373,0,False,all_ads,/r/SeattleWA/comments/8w34mk/president_trump_countdown_clock_showing_days/,False,6,1530723218,markdown,641,,True,False,False,SeattleWA,t5_2vbli,61345,public,https://b.thumbs.redditmedia.com/JGP-eKikknCspApRje--B4Ovd_pwxqk1GpCJk1pGb4o.jpg,President Trump 'Countdown Clock' Showing Days Until His Term Ends Goes Viral,http://www.newsweek.com/president-trump-countdown-clock-showing-days-until-his-term-ends-goes-viral-1007945,all_ads,6,link,"{'enabled': False, 'images': [{'id': '8uz_yHnvDxK4GLdfIaozFpqhqndeSOgnbAvniUs6tuI', 'resolutions': [{'height': 60, 'url': 'https://i.redditmedia.com/jRBb4GX9-RvFLlgRQH4xIuK3OltEF8jG-MpQlWBcY1c.jpg?fit=crop&amp;crop=faces%2Centropy&amp;arh=2&amp;w=108&amp;s=13b66d2370ddb00df3b84320c6192a77', 'width': 108}, {'height': 121, 'url': 'https://i.redditmedia.com/jRBb4GX9-RvFLlgRQH4xIuK3OltEF8jG-MpQlWBcY1c.jpg?fit=crop&amp;crop=faces%2Centropy&amp;arh=2&amp;w=216&amp;s=816bd1e20b4b29554a75dd10e46c6648', 'width': 216}, {'height': 180, 'url': 'https://i.redditmedia.com/jRBb4GX9-RvFLlgRQH4xIuK3OltEF8jG-MpQlWBcY1c.jpg?fit=crop&amp;crop=faces%2Centropy&amp;arh=2&amp;w=320&amp;s=56b01f844117b120d6e7dd35df3e0788', 'width': 320}], 'source': {'height': 358, 'url': 'https://i.redditmedia.com/jRBb4GX9-RvFLlgRQH4xIuK3OltEF8jG-MpQlWBcY1c.jpg?s=2f37fe8ecd3f86aced4aa73ddf01c68b', 'width': 635}, 'variants': {}}]}",78.0,140.0,,,,,,,
mrfahrenheight,,[],,text,False,False,1530719324,seattletimes.com,https://www.reddit.com/r/SeattleWA/comments/8w2mco/seattles_new_school_superintendent_officially/,0,8w2mco,True,False,False,False,False,[],dark,text,False,False,True,11,0,False,all_ads,/r/SeattleWA/comments/8w2mco/seattles_new_school_superintendent_officially/,False,6,1530719324,markdown,27,,False,False,False,SeattleWA,t5_2vbli,61339,public,default,Seattle’s new school superintendent officially started work this week. Here are her plans.,https://www.seattletimes.com/seattle-news/education/seattles-new-school-superintendent-officially-started-work-this-week-here-are-her-plans/,all_ads,6,,,,,,,,,,,
stugots,,[],,text,False,False,1530716646,theguardian.com,https://www.reddit.com/r/SeattleWA/comments/8w2ag7/is_bezos_holding_seattle_hostage_the_cost_of/,0,8w2ag7,True,False,False,False,False,[],dark,text,False,False,True,62,0,False,all_ads,/r/SeattleWA/comments/8w2ag7/is_bezos_holding_seattle_hostage_the_cost_of/,False,6,1530716647,markdown,10,,False,False,False,SeattleWA,t5_2vbli,61337,public,default,Is Bezos holding Seattle hostage? The cost of being Amazon's home,https://www.theguardian.com/cities/2018/jul/04/is-bezos-holding-seattle-hostage-the-cost-of-being-amazons-home,all_ads,6,,,,,,,,,,,
vesuvi,,[],,text,False,False,1530712409,seattletimes.com,https://www.reddit.com/r/SeattleWA/comments/8w1smn/green_lake_gets_a_bad_rap_for_being_dirty_for/,0,8w1smn,True,False,False,False,False,[],dark,text,False,False,True,0,0,False,all_ads,/r/SeattleWA/comments/8w1smn/green_lake_gets_a_bad_rap_for_being_dirty_for/,False,6,1530712410,markdown,1,,False,False,False,SeattleWA,t5_2vbli,61329,public,default,Green Lake gets a bad rap for being dirty for swimmers -- but it's it really?,https://www.seattletimes.com/seattle-news/seattles-green-lake-gets-a-bad-rap-for-being-dirty-for-swimmers-but-is-it-really/,all_ads,6,,,,,,,,,,,
SeattleWARedditBot,,[],,text,False,False,1530694851,self.SeattleWA,https://www.reddit.com/r/SeattleWA/comments/8w07ug/seattle_reddit_community_open_chat_wednesday_july/,0,8w07ug,True,False,False,True,False,"[{'e': 'text', 't': 'Seattle Lounge'}]",dark,richtext,False,False,True,81,0,False,all_ads,/r/SeattleWA/comments/8w07ug/seattle_reddit_community_open_chat_wednesday_july/,False,6,1530694851,markdown,2,"Welcome to the [Seattle Reddit Community](https://www.reddit.com/r/SeattleWA) Daily Lounge! This is our open chat for anything you want to talk about, and it doesn't have to be Seattle related! 

---

**Things to do today:**

* [Event calendar hosted by the City of Seattle.](https://www.seattle.gov/event-calendar)
* [Event calendar hosted by Event12.](https://www.events12.com/seattle/)
* [Event calendar hosted by The Stranger.](https://www.thestranger.com/events/)
* [Event calendar hosted by Seattle Met.](https://www.seattlemet.com/events/)
* [Event calendar hosted by Red Tricycle (for families &amp; kids).](http://redtri.com/events/seattle/)
* [Event calendar hosted by Parent Map (for families &amp; kids).](https://www.parentmap.com/calendar)
* Event calendar hosted by Live Music Project: [this month](http://livemusicproject.org/calendar/) &amp; [this month calendar view](http://livemusicproject.org/calendar/month/) 

---

2-Day Weather forecast for the /r/SeattleWA metro area from the NWS:

* 
Independence Day: Partly sunny, with a high near 84. North northeast wind 8 to 11 mph. 
* Wednesday Night: Mostly cloudy, with a low around 59. West wind 5 to 13 mph becoming south after midnight. 
* Thursday: Mostly sunny, with a high near 82. South southwest wind 5 to 13 mph. 
* Thursday Night: Mostly clear, with a low around 59. South wind 10 to 14 mph.

---

Quote of the Day:

&gt; Now, most people don't know of any more specific places I could drop off my bags by then and now income isn't property?

&gt; ~ /r/SeattleWa

---

**Come chat!** Join us on the chat server. [Click here!](https://discord.gg/seattle)

---

*Full Seattle Lounge archive [here](https://www.reddit.com/r/SeattleWA/search?q=flair%3ASeattle%2BLounge&amp;restrict_sr=on&amp;sort=new&amp;t=all). If you have suggestions for this daily post, please [send a modmail](https://www.reddit.com/message/compose?to=%2Fr%2FSeattleWA).*",False,False,True,SeattleWA,t5_2vbli,61326,public,self,"Seattle Reddit Community Open Chat, Wednesday, July 04, 2018",https://www.reddit.com/r/SeattleWA/comments/8w07ug/seattle_reddit_community_open_chat_wednesday_july/,all_ads,6,,,,,,Seattle Lounge,new,,,,
here_in_seattle,,[],,text,False,False,1530693320,i.redd.it,https://www.reddit.com/r/SeattleWA/comments/8w03ro/from_discovery_park_lighthouse_using_the_pano/,0,8w03ro,True,False,True,False,False,[],dark,text,False,False,True,0,0,False,all_ads,/r/SeattleWA/comments/8w03ro/from_discovery_park_lighthouse_using_the_pano/,False,6,1530693321,markdown,0,,True,False,False,SeattleWA,t5_2vbli,61324,public,default,"From Discovery Park lighthouse, using the ""pano"" option on my iphone 5c, then rotating it 360 degrees (not the best camera)",https://i.redd.it/g34uj7dl7w711.jpg,all_ads,6,,,,,,,,,,,
TheRepublicanStar,,[],,text,False,False,1530685365,self.SeattleWA,https://www.reddit.com/r/SeattleWA/comments/8vzfh0/the_2nd_amendment_will_settled_on_the_battlefield/,0,8vzfh0,True,False,False,True,False,"[{'e': 'text', 't': 'Politics'}]",dark,richtext,False,False,True,1,0,False,all_ads,/r/SeattleWA/comments/8vzfh0/the_2nd_amendment_will_settled_on_the_battlefield/,False,6,1530685366,richtext,0,"It will only be settled on the battlefield, if these stupid liberals want our guns then they will have to bleed and die to take it from us. If they think some stupid judge or court will take our rights away then they must be dreaming. Keep dreaming, this is WA state not NYC or California. The entire eastern Washington is armed to the teeth and we have the power to wipe out all Liberals.

In a war between Liberals and conservatives believe me you will be wiped out. The 2nd amendment will only be settled on the battlefield. No matter how much signatures you sign it won't do anything. If you want to take it from us then face us at the battlefield you worthless lazy pricks. It will be civil war once again so, is that your wish?  It's obvious these coward liberals are afraid to face us on the battlefield rather they hide behind their fake signatures. If you want our guns then you will have to die for it. ",True,False,False,SeattleWA,t5_2vbli,61320,public,self,The 2nd amendment will settled on the battlefield,https://www.reddit.com/r/SeattleWA/comments/8vzfh0/the_2nd_amendment_will_settled_on_the_battlefield/,all_ads,6,,,,,,Politics,,politics,1f25eb56-9de4-11e6-884f-0e1a21b57db4,,
pickleshy,,[],,text,False,False,1530684818,self.SeattleWA,https://www.reddit.com/r/SeattleWA/comments/8vzdpl/psa_50_free_classical_concerts_in_seattle_july/,0,8vzdpl,True,False,False,True,False,"[{'e': 'text', 't': 'Arts'}]",dark,richtext,False,False,True,1,0,False,all_ads,/r/SeattleWA/comments/8vzdpl/psa_50_free_classical_concerts_in_seattle_july/,False,6,1530684818,richtext,31,"Dozens of free world-class recitals and outdoor performances with the Seattle Chamber Music Society, including a community play-along of Mozart's *Eine Kleine Nachtmusik* at the Volunteer Park Amphitheater on July 28th.

Calendar &amp; details: [http://livemusicproject.org/calendar/category/free-concerts/](https://l.facebook.com/l.php?u=http%3A%2F%2Flivemusicproject.org%2Fcalendar%2Fcategory%2Ffree-concerts%2F&amp;h=AT1UsDvgDRRbVaHqVKC1svtQna-Qef5-XASiSskJ1bcNfcA1ZoUU9q_HVLuZaReQZEaORXE0dz4WhF8yKtjoDhEdE2AwP6v2wGex9nFAGT--CG1qKWARArGG7GOZ1jLcwyOv0MM4v25avYhmd-41evtORbqg)

Subscribe: [http://eepurl.com/XpRIf](https://l.facebook.com/l.php?u=http%3A%2F%2Feepurl.com%2FXpRIf&amp;h=AT18zz073Zzz5k470HDhllGZV6B9rPcdrVb-Hz1VgLA4MiYLWWYnJbvTA0HAkJsrL_Pu0vOYEk26hmjUKeTqXV9f6axuC4V4TNLkwnXE_8T9jGsKZIgit-3Wp2wFKPs2rZWRJKsbWU6ey6x81L5FMYoLbxIS)",True,False,False,SeattleWA,t5_2vbli,61318,public,self,PSA: 50 free classical concerts in Seattle (July 2018),https://www.reddit.com/r/SeattleWA/comments/8vzdpl/psa_50_free_classical_concerts_in_seattle_july/,all_ads,6,,,,,,Arts,,arts,e2ea1766-7a48-11e6-9c4d-0eeb724eeebd,,
TheRepublicanStar,,[],,text,False,False,1530684720,self.SeattleWA,https://www.reddit.com/r/SeattleWA/comments/8vzdda/we_need_republicans_more_than_ever_in_seattle/,0,8vzdda,True,False,False,True,False,"[{'e': 'text', 't': 'Discussion'}]",dark,richtext,False,False,True,13,0,False,all_ads,/r/SeattleWA/comments/8vzdda/we_need_republicans_more_than_ever_in_seattle/,False,6,1530684720,richtext,0,"How long will the true natives be pushed out their own city, three of my friends and all of my family have switched our party. Take back your city and stop voting for liberals, all they want to do is take our rights and make endless promises....

We need a red-wave, there is no future for the natives till the liberal monopoly has been dismantled.

\#MAGA

Don't touch our guns

Don't touch our rights

Stop taxing us..

I have had it enough with these liberals and how they destroyed our city. We can't run away, we have to fight back. They create problems and then offer us half-a$$ed solutions.",True,False,False,SeattleWA,t5_2vbli,61318,public,self,We need Republicans more than ever in Seattle,https://www.reddit.com/r/SeattleWA/comments/8vzdda/we_need_republicans_more_than_ever_in_seattle/,all_ads,6,,,,,,Discussion,,discussion,f3f2f636-7a48-11e6-a022-0e38969b1951,,
Silent_Seven,,[],,text,False,False,1530681658,imgur.com,https://www.reddit.com/r/SeattleWA/comments/8vz39i/lincoln_park_west_seattle_at_golden_hour/,0,8vz39i,True,False,False,False,False,[],dark,text,False,False,True,0,0,False,all_ads,/r/SeattleWA/comments/8vz39i/lincoln_park_west_seattle_at_golden_hour/,False,6,1530681660,markdown,60,,True,False,False,SeattleWA,t5_2vbli,61311,public,default,Lincoln Park West Seattle at golden hour,https://imgur.com/qKjvS7C,all_ads,6,,,,,,,,,,,
Thursday_Nights,,[],,text,False,False,1530680154,thehill.com,https://www.reddit.com/r/SeattleWA/comments/8vyxxh/wait_housing_issues_in_sanctuary_cities/,0,8vyxxh,True,False,False,False,False,[],dark,text,False,False,True,3,0,False,all_ads,/r/SeattleWA/comments/8vyxxh/wait_housing_issues_in_sanctuary_cities/,False,6,1530680155,markdown,0,,True,False,False,SeattleWA,t5_2vbli,61309,public,https://b.thumbs.redditmedia.com/4jkIi1b-70dH_8ZOeyCcIlhopA_MxQRNVGUnQn6xaBo.jpg,Wait... Housing issues in Sanctuary cities?,http://thehill.com/blogs/pundits-blog/immigration/329141-does-mass-immigration-drive-up-home-prices-one-study-says,all_ads,6,link,"{'enabled': False, 'images': [{'id': 'J-PeyyXtWJOlwXyqAQAekcelY0AcVduDHb_aPp7GZ0M', 'resolutions': [{'height': 60, 'url': 'https://i.redditmedia.com/KtPQEbvuXDijZsBYnP08gkjPIeUK6MF_WKp7MS0XLXk.jpg?fit=crop&amp;crop=faces%2Centropy&amp;arh=2&amp;w=108&amp;s=2f5d51a5fd8e0bc7b7a5259f74f250e2', 'width': 108}, {'height': 121, 'url': 'https://i.redditmedia.com/KtPQEbvuXDijZsBYnP08gkjPIeUK6MF_WKp7MS0XLXk.jpg?fit=crop&amp;crop=faces%2Centropy&amp;arh=2&amp;w=216&amp;s=1cd0314fa63158f44172a01fe56d674b', 'width': 216}, {'height': 179, 'url': 'https://i.redditmedia.com/KtPQEbvuXDijZsBYnP08gkjPIeUK6MF_WKp7MS0XLXk.jpg?fit=crop&amp;crop=faces%2Centropy&amp;arh=2&amp;w=320&amp;s=da1722382785500bb7c29a83a20b1617', 'width': 320}, {'height': 359, 'url': 'https://i.redditmedia.com/KtPQEbvuXDijZsBYnP08gkjPIeUK6MF_WKp7MS0XLXk.jpg?fit=crop&amp;crop=faces%2Centropy&amp;arh=2&amp;w=640&amp;s=f0917f84b95a69764fd983d5eab2cfaa', 'width': 640}, {'height': 539, 'url': 'https://i.redditmedia.com/KtPQEbvuXDijZsBYnP08gkjPIeUK6MF_WKp7MS0XLXk.jpg?fit=crop&amp;crop=faces%2Centropy&amp;arh=2&amp;w=960&amp;s=3b2b5c7ee0a27315b08580e801ae947e', 'width': 960}], 'source': {'height': 551, 'url': 'https://i.redditmedia.com/KtPQEbvuXDijZsBYnP08gkjPIeUK6MF_WKp7MS0XLXk.jpg?s=effc667a6755a73a5c1249fe40782e54', 'width': 980}, 'variants': {}}]}",78.0,140.0,,,,,,,
seahomeless,,[],,text,False,False,1530679928,i.imgur.com,https://www.reddit.com/r/SeattleWA/comments/8vyx75/the_tent_mansion_moved_to_warren_pl_near_1st_and/,0,8vyx75,True,False,False,False,False,[],dark,text,False,False,True,7,0,False,all_ads,/r/SeattleWA/comments/8vyx75/the_tent_mansion_moved_to_warren_pl_near_1st_and/,False,6,1530679928,markdown,11,,True,False,False,SeattleWA,t5_2vbli,61309,public,default,The tent mansion moved to Warren Pl (near 1st and Denny Way),https://i.imgur.com/1gurOJ7.jpg,all_ads,6,,,,,,,,,,,
mrfahrenheight,,[],,text,False,False,1530679871,komonews.com,https://www.reddit.com/r/SeattleWA/comments/8vyx0n/watch_meet_seattles_competitor_in_the_annual_4th/,0,8vyx0n,True,False,False,False,False,[],dark,text,False,False,True,1,0,False,all_ads,/r/SeattleWA/comments/8vyx0n/watch_meet_seattles_competitor_in_the_annual_4th/,False,6,1530679873,markdown,12,,False,False,False,SeattleWA,t5_2vbli,61309,public,default,Watch: Meet Seattle's competitor in the annual 4th of July Nathan's Hot Dog Eating Contest,http://komonews.com/sports/sports-content/watch-meet-seattles-competitor-in-the-annual-4th-of-july-nathans-hot-dog-eating-contest,all_ads,6,,,,,,,,,,,
Zyrekeb,,[],,text,False,False,1530676704,self.SeattleWA,https://www.reddit.com/r/SeattleWA/comments/8vylmb/gunshots_on_capitol_hill/,0,8vylmb,True,False,False,True,False,[],dark,text,False,False,True,2,0,False,all_ads,/r/SeattleWA/comments/8vylmb/gunshots_on_capitol_hill/,False,6,1530676705,markdown,0,I'm on 12th &amp; Pine and have heard pistol over a dozen pistol shots. Anyone else around hear this or know why? There haven't been any police sirens for 5 minutes.,True,False,False,SeattleWA,t5_2vbli,61302,public,self,Gunshots on Capitol Hill?,https://www.reddit.com/r/SeattleWA/comments/8vylmb/gunshots_on_capitol_hill/,all_ads,6,,,,,,,,,,,
SecretCheese,,[],,text,False,False,1530674561,imgur.com,https://www.reddit.com/r/SeattleWA/comments/8vye00/nextdoor_this_week_be_like/,0,8vye00,True,False,False,False,False,[],dark,text,False,False,True,2,0,False,all_ads,/r/SeattleWA/comments/8vye00/nextdoor_this_week_be_like/,False,6,1530674562,markdown,58,,True,False,False,SeattleWA,t5_2vbli,61301,public,default,Nextdoor this week be like,https://imgur.com/a/FULo2Sd,all_ads,6,,,,,,,,,,,
LIL_BIRKI,,[],,text,False,False,1530674182,self.SeattleWA,https://www.reddit.com/r/SeattleWA/comments/8vycon/best_4th_of_july_parade_for_the_seattlefremont/,0,8vycon,True,False,False,True,False,[],dark,text,False,False,True,2,0,False,all_ads,/r/SeattleWA/comments/8vycon/best_4th_of_july_parade_for_the_seattlefremont/,False,6,1530674184,markdown,0,.,True,False,False,SeattleWA,t5_2vbli,61301,public,self,Best 4th of July parade for the Seattle/Fremont area?,https://www.reddit.com/r/SeattleWA/comments/8vycon/best_4th_of_july_parade_for_the_seattlefremont/,all_ads,6,,,,,,,,,,,
timothycrosley,,[],,text,False,False,1530674166,lovelicton.com,https://www.reddit.com/r/SeattleWA/comments/8vycmd/the_original_seattle_real_estate_gold_rush_in/,0,8vycmd,True,False,False,False,False,"[{'e': 'text', 't': 'History'}]",dark,richtext,False,False,True,4,0,False,all_ads,/r/SeattleWA/comments/8vycmd/the_original_seattle_real_estate_gold_rush_in/,False,6,1530674167,markdown,5,,True,False,False,SeattleWA,t5_2vbli,61301,public,https://b.thumbs.redditmedia.com/Q3aHlFkocq3pdlh1ryD5JLDYDiaPFhReFFB9uylwPmw.jpg,The Original Seattle Real Estate Gold Rush in Licton Springs [OC],https://lovelicton.com/burke-pamphlet.html,all_ads,6,link,"{'enabled': False, 'images': [{'id': 'zYFQy7kreJKoeRQnPEGOQD2gDN7g636mzkuu3MVAyr0', 'resolutions': [{'height': 23, 'url': 'https://i.redditmedia.com/PQyd8S6uTimffpGy_jKh7PE4zIgXqNcH8qj-Ben1O10.jpg?fit=crop&amp;crop=faces%2Centropy&amp;arh=2&amp;w=108&amp;s=86c83388ebc6fc913bfbdff84fe6e3d1', 'width': 108}, {'height': 47, 'url': 'https://i.redditmedia.com/PQyd8S6uTimffpGy_jKh7PE4zIgXqNcH8qj-Ben1O10.jpg?fit=crop&amp;crop=faces%2Centropy&amp;arh=2&amp;w=216&amp;s=3f1b265a79388bd9b7687d3b9a4ca75b', 'width': 216}, {'height': 70, 'url': 'https://i.redditmedia.com/PQyd8S6uTimffpGy_jKh7PE4zIgXqNcH8qj-Ben1O10.jpg?fit=crop&amp;crop=faces%2Centropy&amp;arh=2&amp;w=320&amp;s=e227b128b6e7e5df4db8775b9c909466', 'width': 320}, {'height': 141, 'url': 'https://i.redditmedia.com/PQyd8S6uTimffpGy_jKh7PE4zIgXqNcH8qj-Ben1O10.jpg?fit=crop&amp;crop=faces%2Centropy&amp;arh=2&amp;w=640&amp;s=47176a1de201f34cdeadc32d87727e43', 'width': 640}, {'height': 211, 'url': 'https://i.redditmedia.com/PQyd8S6uTimffpGy_jKh7PE4zIgXqNcH8qj-Ben1O10.jpg?fit=crop&amp;crop=faces%2Centropy&amp;arh=2&amp;w=960&amp;s=a33a95152ed0d36d2deb5ff793509834', 'width': 960}, {'height': 238, 'url': 'https://i.redditmedia.com/PQyd8S6uTimffpGy_jKh7PE4zIgXqNcH8qj-Ben1O10.jpg?fit=crop&amp;crop=faces%2Centropy&amp;arh=2&amp;w=1080&amp;s=8982146ade563977aaccd903802dfebc', 'width': 1080}], 'source': {'height': 565, 'url': 'https://i.redditmedia.com/PQyd8S6uTimffpGy_jKh7PE4zIgXqNcH8qj-Ben1O10.jpg?s=37a52e00cd093db75a2d8b63fa360a03', 'width': 2560}, 'variants': {}}]}",30.0,140.0,,History,,history,0513bca2-7a49-11e6-8d03-0e18b019564b,,
storyshare12,,[],,text,False,False,1530669988,self.SeattleWA,https://www.reddit.com/r/SeattleWA/comments/8vxxad/threats_of_violence_with_no_police_response/,0,8vxxad,True,False,False,True,False,[],dark,text,False,False,True,42,0,False,all_ads,/r/SeattleWA/comments/8vxxad/threats_of_violence_with_no_police_response/,False,6,1530669989,markdown,47,"Hi all,

I am new to posting here (I’m mostly a lurker on reddit in general) and I’m not sure if this is the right place for this (or what the right place is) but yesterday I had something happen that really bothered me and that I imagine would bother others, too.

I live in University district, directly over the homeless encampment in Ravenna Woods. Yesterday I woke up and went out on my balcony and a man was screaming at a woman that he was going to kill her. I couldn’t see anything that was happening, but he was so loud that you could even hear him on the street outside my building. It was frightening. There is yelling and fighting there a lot but from what I can tell, usually people shut up quickly and someone leaves. This was non-stop for a long time (from when I woke up to when I left for work).

I called the police immediately and really wasn’t sure what to do. I can’t imagine it would be safe for me to go down there by myself (maybe I should have, I’m still wringing my hands about the whole thing, I really wasn’t sure what to do), and I figured the police would show up soon. When I was leaving for work and no one showed up I felt extremely uncomfortable.

At around 11, I got a call from the Seattle Police Department. I missed it so I called back on the non-emergency line. The lady I talked to wasn’t sure why they had called me (also, it’s not the most important thing to the story, but I asked to be anonymous and did not leave my name and number when I called), but she checked what I had reported and said that no one had yet been dispatched to the area, so she guessed that they were probably calling to see if it was still going on. I called it in around 7. I was really shocked and angry, and I kept watch of the 911 map and never saw the incident pop up (unless it was labeled in a counter-intuitive way that I don’t know about, I’m not 100% sure on this), so as far as I know right now, no one ever showed up about the call.

Maybe there is something that I am not aware of or understanding here, but this left me extremely angry and frightened. I don’t know what to do if this kind of thing happens again, and it’s not at all improbable that it will.

I don’t know if this is the right forum, but I really don’t think this is something I should keep to myself, and if anyone has better suggestions or thinks I should share this story somewhere let me know.",True,False,False,SeattleWA,t5_2vbli,61293,public,self,Threats of Violence With No Police Response,https://www.reddit.com/r/SeattleWA/comments/8vxxad/threats_of_violence_with_no_police_response/,all_ads,6,,,,,,,,,,,
jollyreaper2112,,[],,text,False,False,1530667290,self.SeattleWA,https://www.reddit.com/r/SeattleWA/comments/8vxmwr/any_good_indian_groceries_near_beacon_hill/,0,8vxmwr,True,False,False,True,False,[],dark,text,False,False,True,8,0,False,all_ads,/r/SeattleWA/comments/8vxmwr/any_good_indian_groceries_near_beacon_hill/,False,6,1530667291,markdown,6,Or general Asian markets that also carry Indian staples? Thanks! ,True,False,False,SeattleWA,t5_2vbli,61288,public,self,Any good Indian groceries near Beacon Hill?,https://www.reddit.com/r/SeattleWA/comments/8vxmwr/any_good_indian_groceries_near_beacon_hill/,all_ads,6,,,,,,,,,,,
seattleslow,,[],,text,False,False,1530664702,theurbanist.org,https://www.reddit.com/r/SeattleWA/comments/8vxcxw/seattle_hopes_early_community_engagement_will/,0,8vxcxw,True,False,False,False,False,[],dark,text,False,False,True,2,0,False,all_ads,/r/SeattleWA/comments/8vxcxw/seattle_hopes_early_community_engagement_will/,False,6,1530664703,markdown,5,,True,False,False,SeattleWA,t5_2vbli,61286,public,default,Seattle Hopes Early Community Engagement Will Help Shape Design » The Urbanist,https://www.theurbanist.org/2018/07/03/seattle-hopes-early-community-engagement-will-help-shape-design/?utm_source=dlvr.it&amp;utm_medium=facebook,all_ads,6,,,,,,,,,,,
Aaronvan,,[],,text,False,False,1530663252,i.redd.it,https://www.reddit.com/r/SeattleWA/comments/8vx776/jayapal_sawant_and_katrina_vanden_heuvel_of_the/,0,8vx776,True,False,True,False,False,[],dark,text,False,False,True,6,0,False,all_ads,/r/SeattleWA/comments/8vx776/jayapal_sawant_and_katrina_vanden_heuvel_of_the/,False,6,1530663253,markdown,0,,True,False,False,SeattleWA,t5_2vbli,61283,public,default,"Jayapal, Sawant, and Katrina vanden Heuvel of The Nation magazine, 2015.",https://i.redd.it/f57yt0vupt711.jpg,all_ads,6,,,,,,,,,,,
LIL_BIRKI,,[],,text,False,False,1530659883,imgur.com,https://www.reddit.com/r/SeattleWA/comments/8vwth7/found_a_credit_card_in_the_international_district/,0,8vwth7,True,False,False,False,False,[],dark,text,False,False,True,7,0,False,all_ads,/r/SeattleWA/comments/8vwth7/found_a_credit_card_in_the_international_district/,False,6,1530659884,markdown,0,,True,False,False,SeattleWA,t5_2vbli,61281,public,default,Found a credit card in the international district today,https://imgur.com/9VGBfr7.jpg,all_ads,6,,,,,,,,,,,
PoisonousAntagonist,,[],,text,False,False,1530657160,geekwire.com,https://www.reddit.com/r/SeattleWA/comments/8vwhqe/microsofts_massive_campus_refresh_starts_later/,0,8vwhqe,True,False,False,False,False,[],dark,text,False,False,True,17,0,False,all_ads,/r/SeattleWA/comments/8vwhqe/microsofts_massive_campus_refresh_starts_later/,False,6,1530657161,markdown,26,,False,False,False,SeattleWA,t5_2vbli,61277,public,default,"Microsoft’s massive campus refresh starts later this year, as tech giant picks architects and contractors for the job",https://www.geekwire.com/2018/microsofts-massive-campus-refresh-starts-later-year-tech-giant-picks-architects-contractors-job/,all_ads,6,,,,,,,,,,,
PoisonousAntagonist,,[],,text,False,False,1530657116,geekwire.com,https://www.reddit.com/r/SeattleWA/comments/8vwhj6/blue_origin_targets_moon_landing_by_2023_as_step/,0,8vwhj6,True,False,False,False,False,[],dark,text,False,False,True,2,0,False,all_ads,/r/SeattleWA/comments/8vwhj6/blue_origin_targets_moon_landing_by_2023_as_step/,False,6,1530657116,markdown,26,,False,False,False,SeattleWA,t5_2vbli,61277,public,default,Blue Origin targets moon landing by 2023 as step toward lunar settlement,https://www.geekwire.com/2018/blue-origin-targets-moon-landing-2023-early-step-toward-lunar-settlement/,all_ads,6,,,,,,,,,,,
teknoanimal,,[],,text,False,False,1530656847,self.SeattleWA,https://www.reddit.com/r/SeattleWA/comments/8vwgeh/looking_for_a_beginner_hiking_trail_around_mt/,0,8vwgeh,True,False,False,True,False,[],dark,text,False,False,True,8,0,False,all_ads,/r/SeattleWA/comments/8vwgeh/looking_for_a_beginner_hiking_trail_around_mt/,False,6,1530656848,markdown,0," Just look for a laid back small elevation hike. If links can be provided it would be appreciated, I have looked at multiple sites and none of them have the same/matching trails. Either that i am brain dead. Maybe a little of column a and a little of column b. thanks!",True,False,False,SeattleWA,t5_2vbli,61277,public,self,Looking for a Beginner hiking trail around MT Rainier.,https://www.reddit.com/r/SeattleWA/comments/8vwgeh/looking_for_a_beginner_hiking_trail_around_mt/,all_ads,6,,,,,,,,,,,
robschilke,,[],,text,False,False,1530652182,i.redd.it,https://www.reddit.com/r/SeattleWA/comments/8vvuu6/i_dont_know_whats_going_on_here_but_keep_doing/,0,8vvuu6,True,False,True,False,False,"[{'e': 'text', 't': 'Discussion'}]",dark,richtext,False,False,True,12,0,False,all_ads,/r/SeattleWA/comments/8vvuu6/i_dont_know_whats_going_on_here_but_keep_doing/,False,6,1530652183,markdown,0,,True,False,False,SeattleWA,t5_2vbli,61273,public,https://b.thumbs.redditmedia.com/Wx9lF2xfpdnvVu4i9cLDm4FwudXlSqyYheT4MxN9ZZM.jpg,"I don’t know what’s going on here but keep doing what you’re doing, Seattle.",https://i.redd.it/ve63jz6ats711.jpg,all_ads,6,image,"{'enabled': True, 'images': [{'id': 'xoyJqLAl5NOfT4uRiq-Bctm3Z1KCpgDddSRjZh453T4', 'resolutions': [{'height': 108, 'url': 'https://i.redditmedia.com/M1iW0hOmslBdufJ-xB1e8w2h9eqT5Nx6wce6pQ9R4kI.jpg?fit=crop&amp;crop=faces%2Centropy&amp;arh=2&amp;w=108&amp;s=299f47e849ded256156bd23d2f7de911', 'width': 108}, {'height': 216, 'url': 'https://i.redditmedia.com/M1iW0hOmslBdufJ-xB1e8w2h9eqT5Nx6wce6pQ9R4kI.jpg?fit=crop&amp;crop=faces%2Centropy&amp;arh=2&amp;w=216&amp;s=a319171d62aaa8236cf8c9c9d68cf934', 'width': 216}, {'height': 320, 'url': 'https://i.redditmedia.com/M1iW0hOmslBdufJ-xB1e8w2h9eqT5Nx6wce6pQ9R4kI.jpg?fit=crop&amp;crop=faces%2Centropy&amp;arh=2&amp;w=320&amp;s=c10b8871c864fc005cfe73e9f67c668d', 'width': 320}, {'height': 640, 'url': 'https://i.redditmedia.com/M1iW0hOmslBdufJ-xB1e8w2h9eqT5Nx6wce6pQ9R4kI.jpg?fit=crop&amp;crop=faces%2Centropy&amp;arh=2&amp;w=640&amp;s=3a87a7124aba30b21dbd6cbbc36da30a', 'width': 640}, {'height': 960, 'url': 'https://i.redditmedia.com/M1iW0hOmslBdufJ-xB1e8w2h9eqT5Nx6wce6pQ9R4kI.jpg?fit=crop&amp;crop=faces%2Centropy&amp;arh=2&amp;w=960&amp;s=0e8e5b6430cb0ab5e0f809a2b510ccec', 'width': 960}, {'height': 1080, 'url': 'https://i.redditmedia.com/M1iW0hOmslBdufJ-xB1e8w2h9eqT5Nx6wce6pQ9R4kI.jpg?fit=crop&amp;crop=faces%2Centropy&amp;arh=2&amp;w=1080&amp;s=03c2cdea7eeccc0716ffd92040839abf', 'width': 1080}], 'source': {'height': 2048, 'url': 'https://i.redditmedia.com/M1iW0hOmslBdufJ-xB1e8w2h9eqT5Nx6wce6pQ9R4kI.jpg?s=2eb4526228e4a21e0156123dbe60e15a', 'width': 2048}, 'variants': {}}]}",140.0,140.0,,Discussion,,discussion,f3f2f636-7a48-11e6-a022-0e38969b1951,,
nisamcp,,[],,text,False,False,1530652152,self.SeattleWA,https://www.reddit.com/r/SeattleWA/comments/8vvuov/tip_alteration/,0,8vvuov,True,False,False,True,False,[],dark,text,False,False,True,7,0,False,all_ads,/r/SeattleWA/comments/8vvuov/tip_alteration/,False,6,1530652153,markdown,3,I have a long time friend that told me a horror story about having his tip altered by 6 dollars at a pizza joint  and is looking at where he should report it to... Any suggestions?,True,False,False,SeattleWA,t5_2vbli,61273,public,self,Tip alteration....,https://www.reddit.com/r/SeattleWA/comments/8vvuov/tip_alteration/,all_ads,6,,,,,,,,,,,
CougFanDan,,[],,text,False,False,1530651579,thebrewermagazine.com,https://www.reddit.com/r/SeattleWA/comments/8vvrxv/reubens_brews_gives_back_100k_to_seattle/,0,8vvrxv,True,False,False,False,False,[],dark,text,False,False,True,4,0,False,all_ads,/r/SeattleWA/comments/8vvrxv/reubens_brews_gives_back_100k_to_seattle/,False,6,1530651580,markdown,54,,True,False,False,SeattleWA,t5_2vbli,61273,public,default,Reuben’s Brews Gives Back $100K to Seattle Nonprofits,http://thebrewermagazine.com/reubens-brews-gives-back-100k-seattle-nonprofits/,all_ads,6,,,,,,,,,,,
adms13,,[],,text,False,False,1530649531,i.redd.it,https://www.reddit.com/r/SeattleWA/comments/8vvism/picture_perfect_summer_day_in_eastlake/,0,8vvism,True,False,True,False,False,"[{'e': 'text', 't': 'Media'}]",dark,richtext,False,False,True,0,0,False,all_ads,/r/SeattleWA/comments/8vvism/picture_perfect_summer_day_in_eastlake/,False,6,1530649532,markdown,4,,True,False,False,SeattleWA,t5_2vbli,61270,public,default,Picture perfect summer day in Eastlake,https://i.redd.it/wpw8o22els711.jpg,all_ads,6,,,,,,Media,,media,168a4956-7a49-11e6-ad69-0e9ca4a99471,,
tallyrand,,[],,text,False,False,1530649488,seattletimes.com,https://www.reddit.com/r/SeattleWA/comments/8vvilk/court_slaps_down_attempt_to_keep_gun_measure_off/,0,8vvilk,True,False,False,False,False,[],dark,text,False,False,True,25,0,False,all_ads,/r/SeattleWA/comments/8vvilk/court_slaps_down_attempt_to_keep_gun_measure_off/,False,6,1530649489,markdown,14,,True,False,False,SeattleWA,t5_2vbli,61270,public,default,Court slaps down attempt to keep gun measure off ballot; opponents say fight isn’t over,https://www.seattletimes.com/seattle-news/politics/court-rejects-move-to-keep-gun-safety-measure-off-washington-ballot/,all_ads,6,,,,,,,,,,,
bokonon_ist,,[],,text,False,False,1530649206,seattletimes.com,https://www.reddit.com/r/SeattleWA/comments/8vvhbg/auburn_woman_killed_by_boyfriend_who_claimed_she/,0,8vvhbg,True,False,False,False,False,[],dark,text,False,False,True,2,0,False,all_ads,/r/SeattleWA/comments/8vvhbg/auburn_woman_killed_by_boyfriend_who_claimed_she/,False,6,1530649207,markdown,18,,True,False,False,SeattleWA,t5_2vbli,61270,public,default,"Auburn woman killed by boyfriend who claimed she was ""using voodoo"" on him",https://www.seattletimes.com/seattle-news/crime/auburn-man-charged-with-second-degree-murder-accused-of-shooting-girlfriend-in-the-head,all_ads,6,,,,,,,,,,,
Sounders_Till_I_Die,,[],,text,False,False,1530648364,flightradar24.com,https://www.reddit.com/r/SeattleWA/comments/8vvddj/anyone_know_why_this_emirates_777_is_doing_laps/,0,8vvddj,True,False,False,False,False,"[{'e': 'text', 't': 'Transit'}]",dark,richtext,False,False,True,14,0,False,all_ads,/r/SeattleWA/comments/8vvddj/anyone_know_why_this_emirates_777_is_doing_laps/,False,6,1530648366,markdown,1,,True,False,False,SeattleWA,t5_2vbli,61270,public,default,Anyone know why this Emirates 777 is doing laps around SeaTac?,https://www.flightradar24.com/UAE229/1cfd41a5,all_ads,6,,,,,,Transit,,transit,f56d8a6c-0e68-11e7-835a-0e9d825adb7c,,
TortaCubana,,[],,text,False,False,1530648208,johnroderick.wikidot.com,https://www.reddit.com/r/SeattleWA/comments/8vvcna/the_story_of_john_roderick_fan_site_from_the_long/,0,8vvcna,True,False,False,False,False,[],dark,text,False,False,True,4,0,False,all_ads,/r/SeattleWA/comments/8vvcna/the_story_of_john_roderick_fan_site_from_the_long/,False,6,1530648209,markdown,4,,False,False,False,SeattleWA,t5_2vbli,61270,public,default,The Story of John Roderick (fan site): from The Long Winters to Roderick on the Line,http://johnroderick.wikidot.com/nt11,all_ads,6,,,,,,,,,,,
a-spek,,[],,text,False,False,1530647804,i.redd.it,https://www.reddit.com/r/SeattleWA/comments/8vvarz/elk_herd_in_snoqualmie_wa/,0,8vvarz,True,False,True,False,False,"[{'e': 'text', 't': 'Environment'}]",dark,richtext,False,False,True,95,0,False,all_ads,/r/SeattleWA/comments/8vvarz/elk_herd_in_snoqualmie_wa/,False,6,1530647805,markdown,1322,,True,False,False,SeattleWA,t5_2vbli,61271,public,default,"Elk herd in Snoqualmie, WA",https://i.redd.it/8kkm3uz8gs711.jpg,all_ads,6,,,,,,Environment,,environment,fa68f1c8-7a48-11e6-8002-0e0cd5b2d575,,
PoisonousAntagonist,,[],,text,False,False,1530643731,komonews.com,https://www.reddit.com/r/SeattleWA/comments/8vur6z/homeless_camp_along_3rd_avenue_in_seattle_to_be/,0,8vur6z,True,False,False,False,False,[],dark,text,False,False,True,83,0,False,all_ads,/r/SeattleWA/comments/8vur6z/homeless_camp_along_3rd_avenue_in_seattle_to_be/,False,6,1530643733,markdown,98,,False,False,False,SeattleWA,t5_2vbli,61270,public,default,Homeless camp along 3rd Avenue in Seattle to be cleared out today,http://komonews.com/news/local/homeless-camp-along-3rd-avenue-in-seattle-to-be-cleared-out-on-tuesday,all_ads,6,,,,,,,,,,,
PoisonousAntagonist,,[],,text,False,False,1530643599,komonews.com,https://www.reddit.com/r/SeattleWA/comments/8vuqjg/seattle_is_reportedly_the_5th_best_place_to/,0,8vuqjg,True,False,False,False,False,[],dark,text,False,False,True,3,0,False,all_ads,/r/SeattleWA/comments/8vuqjg/seattle_is_reportedly_the_5th_best_place_to/,False,6,1530643600,markdown,4,,False,False,False,SeattleWA,t5_2vbli,61270,public,default,Seattle is reportedly the 5th best place to celebrate the 4th of July.,http://komonews.com/news/local/seattle-is-reportedly-the-5th-best-place-to-celebrate-the-4th-why,all_ads,6,,,,,,,,,,,
megpie830,,[],,text,False,False,1530642318,i.redd.it,https://www.reddit.com/r/SeattleWA/comments/8vuka2/the_beauty_of_the_sound/,0,8vuka2,True,False,True,False,False,[],dark,text,False,False,True,0,0,False,all_ads,/r/SeattleWA/comments/8vuka2/the_beauty_of_the_sound/,False,6,1530642320,markdown,0,,True,False,False,SeattleWA,t5_2vbli,61266,public,https://a.thumbs.redditmedia.com/q5CxZvP5V-hU9nDFcUxugiIKAiS4p4R1nRY7cn-BpR0.jpg,The Beauty of the Sound,https://i.redd.it/ewz999yxzr711.jpg,all_ads,6,image,"{'enabled': True, 'images': [{'id': 'AL__EfxPsnBE9GweSQ7hNK5fuQJyC-YWhD_ZqfZ1Gbo', 'resolutions': [{'height': 191, 'url': 'https://i.redditmedia.com/QBvjDWaQtKelE4aZP6NzDQlAqmXpLhwl6vpKkWaXd1g.jpg?fit=crop&amp;crop=faces%2Centropy&amp;arh=2&amp;w=108&amp;s=0f6adddd5cd4b4f120550075d78f078b', 'width': 108}, {'height': 383, 'url': 'https://i.redditmedia.com/QBvjDWaQtKelE4aZP6NzDQlAqmXpLhwl6vpKkWaXd1g.jpg?fit=crop&amp;crop=faces%2Centropy&amp;arh=2&amp;w=216&amp;s=aec3bf59e637dd83426bc56caa6cd1e5', 'width': 216}, {'height': 568, 'url': 'https://i.redditmedia.com/QBvjDWaQtKelE4aZP6NzDQlAqmXpLhwl6vpKkWaXd1g.jpg?fit=crop&amp;crop=faces%2Centropy&amp;arh=2&amp;w=320&amp;s=f069d66c292640630e1748b58b3d14e1', 'width': 320}, {'height': 1136, 'url': 'https://i.redditmedia.com/QBvjDWaQtKelE4aZP6NzDQlAqmXpLhwl6vpKkWaXd1g.jpg?fit=crop&amp;crop=faces%2Centropy&amp;arh=2&amp;w=640&amp;s=a36e6a5e1e1157bcc212bd02d878c7ab', 'width': 640}], 'source': {'height': 1136, 'url': 'https://i.redditmedia.com/QBvjDWaQtKelE4aZP6NzDQlAqmXpLhwl6vpKkWaXd1g.jpg?s=b187a32b3a0eaa935bd5357a01788bf7', 'width': 640}, 'variants': {}}]}",140.0,140.0,,,,,,,
3magdnim,,[],,text,False,False,1530642154,i.redd.it,https://www.reddit.com/r/SeattleWA/comments/8vujhc/looks_my_sad_isnt_going_away_any_time_soon/,0,8vujhc,True,False,True,False,False,[],dark,text,False,False,True,6,0,False,all_ads,/r/SeattleWA/comments/8vujhc/looks_my_sad_isnt_going_away_any_time_soon/,False,6,1530642155,markdown,0,,True,False,False,SeattleWA,t5_2vbli,61266,public,default,Looks my SAD isn't going away any time soon...,https://i.redd.it/saq8z6dazr711.jpg,all_ads,6,,,,,,,,,,,
fooeynet,,[],,text,False,False,1530642022,youtu.be,https://www.reddit.com/r/SeattleWA/comments/8vuiue/bike_collides_with_fedex_express_truck_in_ballard/,0,8vuiue,True,False,False,False,False,[],dark,text,False,False,True,2,0,False,all_ads,/r/SeattleWA/comments/8vuiue/bike_collides_with_fedex_express_truck_in_ballard/,False,6,1530642023,markdown,2,,True,False,False,SeattleWA,t5_2vbli,61266,public,default,Bike collides with FedEx Express truck in Ballard,https://youtu.be/zagtNK-nuPc,all_ads,6,,,,,,,,,,,
PoisonousAntagonist,,[],,text,False,False,1530641455,thestranger.com,https://www.reddit.com/r/SeattleWA/comments/8vug4s/a_notable_local_on_seattle_washington_attorney/,0,8vug4s,True,False,False,False,False,[],dark,text,False,False,True,1,0,False,all_ads,/r/SeattleWA/comments/8vug4s/a_notable_local_on_seattle_washington_attorney/,False,6,1530641456,markdown,0,,False,False,False,SeattleWA,t5_2vbli,61265,public,default,A notable local on Seattle: Washington Attorney General Bob Ferguson,https://www.thestranger.com/visitors-guide/2018/06/20/27985107/a-notable-local-on-seattle-washington-attorney-general-bob-ferguson,all_ads,6,,,,,,,,,,,
DanHeidel,,[],,text,False,False,1530641433,self.SeattleWA,https://www.reddit.com/r/SeattleWA/comments/8vug0t/cmon_down_this_saturday_to_drunken_science_night/,0,8vug0t,False,False,False,True,False,[],dark,text,False,False,True,1,0,False,all_ads,/r/SeattleWA/comments/8vug0t/cmon_down_this_saturday_to_drunken_science_night/,False,6,1530641435,markdown,62,[removed],True,False,False,SeattleWA,t5_2vbli,61265,public,self,C'mon down this Saturday to Drunken Science Night! Drink beer and mess around with cool experiments at an adult science fair!,https://www.reddit.com/r/SeattleWA/comments/8vug0t/cmon_down_this_saturday_to_drunken_science_night/,all_ads,6,,,,,,,,,,,
TheOriginalCodeLyoko,,[],,text,False,False,1530641189,self.Bumbershoot,https://www.reddit.com/r/SeattleWA/comments/8vueov/should_we_relocate_bumbershoot_to_the_sodo/,0,8vueov,True,False,False,False,False,[],dark,text,False,False,True,1,0,False,all_ads,/r/SeattleWA/comments/8vueov/should_we_relocate_bumbershoot_to_the_sodo/,False,6,1530641192,markdown,0,,True,False,False,SeattleWA,t5_2vbli,61264,public,https://b.thumbs.redditmedia.com/beEs8cKK3On2-sZiy_qUq99dutCoaWTFXkXrh0bdmiQ.jpg,Should We Relocate Bumbershoot to the SoDo District Starting in 2019?,https://www.reddit.com/r/Bumbershoot/comments/8vghrk/should_we_relocate_bumbershoot_to_the_sodo/,all_ads,6,,,140.0,140.0,,,,,,t3_8vghrk,"[{'approved_at_utc': None, 'approved_by': None, 'archived': False, 'author': 'TheOriginalCodeLyoko', 'author_flair_background_color': None, 'author_flair_css_class': None, 'author_flair_richtext': [], 'author_flair_template_id': None, 'author_flair_text': None, 'author_flair_text_color': None, 'author_flair_type': 'text', 'banned_at_utc': None, 'banned_by': None, 'can_gild': True, 'can_mod_post': False, 'category': None, 'clicked': False, 'content_categories': None, 'contest_mode': False, 'created': 1530541898.0, 'created_utc': 1530513098.0, 'distinguished': None, 'domain': 'self.Bumbershoot', 'downs': 0, 'edited': False, 'gilded': 0, 'hidden': False, 'hide_score': False, 'id': '8vghrk', 'is_crosspostable': True, 'is_original_content': False, 'is_reddit_media_domain': False, 'is_self': True, 'is_video': False, 'likes': None, 'link_flair_css_class': None, 'link_flair_richtext': [], 'link_flair_text': None, 'link_flair_text_color': 'dark', 'link_flair_type': 'text', 'locked': False, 'media': None, 'media_embed': {}, 'media_only': False, 'mod_note': None, 'mod_reason_by': None, 'mod_reason_title': None, 'mod_reports': [], 'name': 't3_8vghrk', 'no_follow': True, 'num_comments': 1, 'num_crossposts': 1, 'num_reports': None, 'over_18': False, 'parent_whitelist_status': None, 'permalink': '/r/Bumbershoot/comments/8vghrk/should_we_relocate_bumbershoot_to_the_sodo/', 'pinned': False, 'post_categories': None, 'pwls': None, 'quarantine': False, 'removal_reason': None, 'report_reasons': None, 'rte_mode': 'markdown', 'saved': False, 'score': 2, 'secure_media': None, 'secure_media_embed': {}, 'selftext': ""The reason why next year is a good time to relocate the international music festival into the stadium district is that KeyArena will be unavailable for two years starting this October due to renovation commitments. More importantly, the SoDo district is a better choice for plenty of more parking spaces in which the Seattle Center have lacked. In case you don't know about the stadium district, this area has several permanent music venues including Century Link and Safeco Fields, WaMu Theater, and The Showbox SoDo. Do you guys agree with me? Let me know in the comments section."", 'selftext_html': '&lt;!-- SC_OFF --&gt;&lt;div class=""md""&gt;&lt;p&gt;The reason why next year is a good time to relocate the international music festival into the stadium district is that KeyArena will be unavailable for two years starting this October due to renovation commitments. More importantly, the SoDo district is a better choice for plenty of more parking spaces in which the Seattle Center have lacked. In case you don&amp;#39;t know about the stadium district, this area has several permanent music venues including Century Link and Safeco Fields, WaMu Theater, and The Showbox SoDo. Do you guys agree with me? Let me know in the comments section.&lt;/p&gt;\n&lt;/div&gt;&lt;!-- SC_ON --&gt;', 'send_replies': True, 'spoiler': False, 'stickied': False, 'subreddit': 'Bumbershoot', 'subreddit_id': 't5_2royj', 'subreddit_name_prefixed': 'r/Bumbershoot', 'subreddit_subscribers': 174, 'subreddit_type': 'public', 'suggested_sort': None, 'thumbnail': 'self', 'thumbnail_height': None, 'thumbnail_width': None, 'title': 'Should We Relocate Bumbershoot to the SoDo District Starting in 2019?', 'ups': 2, 'url': 'https://www.reddit.com/r/Bumbershoot/comments/8vghrk/should_we_relocate_bumbershoot_to_the_sodo/', 'user_reports': [], 'view_count': None, 'visited': False, 'whitelist_status': None, 'wls': None}]"
PoisonousAntagonist,,[],,text,False,False,1530640729,kiro7.com,https://www.reddit.com/r/SeattleWA/comments/8vucaj/megachurch_pastor_dismissed_amid_allegations_of/,0,8vucaj,True,False,False,False,False,[],dark,text,False,False,True,4,0,False,all_ads,/r/SeattleWA/comments/8vucaj/megachurch_pastor_dismissed_amid_allegations_of/,False,6,1530640731,markdown,14,,False,False,False,SeattleWA,t5_2vbli,61263,public,default,Megachurch pastor dismissed amid allegations of misconduct,https://www.kiro7.com/news/south-sound-news/megachurch-pastor-dismissed-amid-allegations-of-misconduct-1/782141888,all_ads,6,,,,,,,,,,,
deboutgegendictators,,[],,text,False,False,1530636030,crosscut.com,https://www.reddit.com/r/SeattleWA/comments/8vtomc/in_seattle_restaurants_have_to_serve_sarah/,0,8vtomc,True,False,False,False,False,[],dark,text,False,False,True,23,0,False,all_ads,/r/SeattleWA/comments/8vtomc/in_seattle_restaurants_have_to_serve_sarah/,False,6,1530636032,markdown,0,,True,False,False,SeattleWA,t5_2vbli,61254,public,https://b.thumbs.redditmedia.com/d5mW0QpsNvTmC2VIWLnYSo9IcF9zOVUyy5ZDOqam_lI.jpg,"In Seattle, restaurants have to serve Sarah Huckabee Sanders. Let’s fix that",https://crosscut.com/2018/07/seattle-restaurants-have-serve-sarah-huckabee-sanders-lets-fix,all_ads,6,link,"{'enabled': False, 'images': [{'id': 'zpc6YSpMLYoIZouSNYTyhHRcrEU6LjRK5-xkDLrgDhU', 'resolutions': [{'height': 74, 'url': 'https://i.redditmedia.com/BJfJ07_JyrLMoAt1-bTOZtfwWD-jqRjpdgU_JMa2xnc.jpg?fit=crop&amp;crop=faces%2Centropy&amp;arh=2&amp;w=108&amp;s=35dd1c00858bce5350ef6a493b3de291', 'width': 108}, {'height': 148, 'url': 'https://i.redditmedia.com/BJfJ07_JyrLMoAt1-bTOZtfwWD-jqRjpdgU_JMa2xnc.jpg?fit=crop&amp;crop=faces%2Centropy&amp;arh=2&amp;w=216&amp;s=c39d3ac3596a7a8ee4a956eb66caead9', 'width': 216}, {'height': 220, 'url': 'https://i.redditmedia.com/BJfJ07_JyrLMoAt1-bTOZtfwWD-jqRjpdgU_JMa2xnc.jpg?fit=crop&amp;crop=faces%2Centropy&amp;arh=2&amp;w=320&amp;s=dd6c6999be3bea8c7ddbe4b38c85ed20', 'width': 320}, {'height': 441, 'url': 'https://i.redditmedia.com/BJfJ07_JyrLMoAt1-bTOZtfwWD-jqRjpdgU_JMa2xnc.jpg?fit=crop&amp;crop=faces%2Centropy&amp;arh=2&amp;w=640&amp;s=cdb7fcc769effa0a9a2e9e1031173f46', 'width': 640}, {'height': 662, 'url': 'https://i.redditmedia.com/BJfJ07_JyrLMoAt1-bTOZtfwWD-jqRjpdgU_JMa2xnc.jpg?fit=crop&amp;crop=faces%2Centropy&amp;arh=2&amp;w=960&amp;s=a66fc6d93438d8f47ae676f2d3ec2c9d', 'width': 960}, {'height': 744, 'url': 'https://i.redditmedia.com/BJfJ07_JyrLMoAt1-bTOZtfwWD-jqRjpdgU_JMa2xnc.jpg?fit=crop&amp;crop=faces%2Centropy&amp;arh=2&amp;w=1080&amp;s=fc8eb03dd86644c36e9217eaef366d9d', 'width': 1080}], 'source': {'height': 1724, 'url': 'https://i.redditmedia.com/BJfJ07_JyrLMoAt1-bTOZtfwWD-jqRjpdgU_JMa2xnc.jpg?s=53732d136ef71e60e6b82900c700c2b9', 'width': 2500}, 'variants': {}}]}",96.0,140.0,,,,,,,
ChefJoe98136,,[],,text,False,False,1530635777,i.redd.it,https://www.reddit.com/r/SeattleWA/comments/8vtndb/2017_sdot_vision_zero_progress_report_says_red/,0,8vtndb,True,False,True,False,False,[],dark,text,False,False,True,5,0,False,all_ads,/r/SeattleWA/comments/8vtndb/2017_sdot_vision_zero_progress_report_says_red/,False,6,1530635779,markdown,2,,True,False,False,SeattleWA,t5_2vbli,61254,public,https://b.thumbs.redditmedia.com/zMp4nOLy3kqRlwVELcuaia9us24Oc18XMUhAZWHYf4Q.jpg,"2017 SDOT Vision Zero Progress Report Says Red Light Cameras Reduced Collisions but Pilot Program Report from 2007 doesn't agree, recent data shows more years of increasing collisions than reductions",https://i.redd.it/mxcmv2e9gr711.png,all_ads,6,image,"{'enabled': True, 'images': [{'id': 'WUMhPGG08yRog54LwBAsnymHXp-FxN_fZgKBlwsMwJk', 'resolutions': [{'height': 53, 'url': 'https://i.redditmedia.com/0EuAJtO6QscPtbhbqHaiCetlQ-1J0oYJA6_ggv6GvHk.png?fit=crop&amp;crop=faces%2Centropy&amp;arh=2&amp;w=108&amp;s=4a0152941e1aca5f153447cf2667682f', 'width': 108}, {'height': 107, 'url': 'https://i.redditmedia.com/0EuAJtO6QscPtbhbqHaiCetlQ-1J0oYJA6_ggv6GvHk.png?fit=crop&amp;crop=faces%2Centropy&amp;arh=2&amp;w=216&amp;s=bb1071705525f40911226ec1a18c70fd', 'width': 216}, {'height': 158, 'url': 'https://i.redditmedia.com/0EuAJtO6QscPtbhbqHaiCetlQ-1J0oYJA6_ggv6GvHk.png?fit=crop&amp;crop=faces%2Centropy&amp;arh=2&amp;w=320&amp;s=98bb888c85f2e36c76636b10b8b10065', 'width': 320}, {'height': 317, 'url': 'https://i.redditmedia.com/0EuAJtO6QscPtbhbqHaiCetlQ-1J0oYJA6_ggv6GvHk.png?fit=crop&amp;crop=faces%2Centropy&amp;arh=2&amp;w=640&amp;s=530904181c2b0b6567dee5854bc66f63', 'width': 640}], 'source': {'height': 399, 'url': 'https://i.redditmedia.com/0EuAJtO6QscPtbhbqHaiCetlQ-1J0oYJA6_ggv6GvHk.png?s=a2f4934272a22b938b31d9d8993277ed', 'width': 805}, 'variants': {}}]}",69.0,140.0,,,,,,,
DarkFlame7,,[],,text,False,False,1530635207,imgur.com,https://www.reddit.com/r/SeattleWA/comments/8vtkk1/not_the_greatest_quality_but_took_this_sunrise/,0,8vtkk1,True,False,False,False,False,[],dark,text,False,False,True,2,0,False,all_ads,/r/SeattleWA/comments/8vtkk1/not_the_greatest_quality_but_took_this_sunrise/,False,6,1530635209,markdown,0,,True,False,False,SeattleWA,t5_2vbli,61254,public,default,"Not the greatest quality, but took this sunrise shot a few weeks ago from the Columbia Tower. Best view in the city",https://imgur.com/PFrzIOJ,all_ads,6,,,,,,,,,,,
CassiusCray,,[],,text,False,False,1530634730,landakongreso.org,https://www.reddit.com/r/SeattleWA/comments/8vti84/a_taste_of_esperanto_culture_free_presentation/,0,8vti84,True,False,False,False,False,[],dark,text,False,False,True,1,0,False,all_ads,/r/SeattleWA/comments/8vti84/a_taste_of_esperanto_culture_free_presentation/,False,6,1530634731,markdown,1,,True,False,False,SeattleWA,t5_2vbli,61253,public,default,"A Taste of Esperanto Culture: Free presentation Saturday, July 14 at Seattle Pacific University",https://landakongreso.org/en/culture/,all_ads,6,,,,,,,,,,,
ChefJoe98136,,[],,text,False,False,1530634644,i.redd.it,https://www.reddit.com/r/SeattleWA/comments/8vths2/sdot_2017_vision_zero_report_says_read_light/,0,8vths2,True,False,True,False,False,[],dark,text,False,False,True,3,0,False,all_ads,/r/SeattleWA/comments/8vths2/sdot_2017_vision_zero_report_says_read_light/,False,6,1530634646,markdown,2,,True,False,False,SeattleWA,t5_2vbli,61253,public,https://b.thumbs.redditmedia.com/xTl7pIHU1OIBtXp7m1E7d1pqWs9tf5AHw2R9ctQvGec.jpg,"SDOT 2017 Vision Zero report says read light camera collisions are down 23%, but raw data shows more increase than decrease",https://i.redd.it/nwl7uh9rcr711.png,all_ads,6,image,"{'enabled': True, 'images': [{'id': '8lwj3YfRmy6cvvvX4LqQ6DPBlfNueIRwGvspZQOkcfk', 'resolutions': [{'height': 53, 'url': 'https://i.redditmedia.com/JrfjOCLs65SIjdOxFhu-KJFJ6pGiI2FrgikKUxq7m8U.png?fit=crop&amp;crop=faces%2Centropy&amp;arh=2&amp;w=108&amp;s=0b250d66994e3b8e6525f59dcd630fb7', 'width': 108}, {'height': 107, 'url': 'https://i.redditmedia.com/JrfjOCLs65SIjdOxFhu-KJFJ6pGiI2FrgikKUxq7m8U.png?fit=crop&amp;crop=faces%2Centropy&amp;arh=2&amp;w=216&amp;s=15242874cc896783e66a9a69da864c27', 'width': 216}, {'height': 158, 'url': 'https://i.redditmedia.com/JrfjOCLs65SIjdOxFhu-KJFJ6pGiI2FrgikKUxq7m8U.png?fit=crop&amp;crop=faces%2Centropy&amp;arh=2&amp;w=320&amp;s=60b52f7c0253f1a73a0cd5b4c5bab20c', 'width': 320}, {'height': 317, 'url': 'https://i.redditmedia.com/JrfjOCLs65SIjdOxFhu-KJFJ6pGiI2FrgikKUxq7m8U.png?fit=crop&amp;crop=faces%2Centropy&amp;arh=2&amp;w=640&amp;s=b75cd57e58ead4394bdf694cfdca7c39', 'width': 640}], 'source': {'height': 399, 'url': 'https://i.redditmedia.com/JrfjOCLs65SIjdOxFhu-KJFJ6pGiI2FrgikKUxq7m8U.png?s=ba54a0b0ae9fa6c85bfd06fca3b82e35', 'width': 805}, 'variants': {}}]}",69.0,140.0,,,,,,,
mataug,,[],,text,False,False,1530634248,self.SeattleWA,https://www.reddit.com/r/SeattleWA/comments/8vtfsw/ask_seattle_which_day_hikes_would_you_go_to_on/,0,8vtfsw,True,False,False,True,False,[],dark,text,False,False,True,5,0,False,all_ads,/r/SeattleWA/comments/8vtfsw/ask_seattle_which_day_hikes_would_you_go_to_on/,False,6,1530634249,markdown,0,"I know that many day hikes might be really crowded on the 4th, So which ones would you go to if you wanted to hike in peace ?",True,False,False,SeattleWA,t5_2vbli,61253,public,self,Ask Seattle: Which day hikes would you go to on the 4th ?,https://www.reddit.com/r/SeattleWA/comments/8vtfsw/ask_seattle_which_day_hikes_would_you_go_to_on/,all_ads,6,,,,,,,,,,,
Muldoon713,,[],,text,False,False,1530634178,self.SeattleWA,https://www.reddit.com/r/SeattleWA/comments/8vtfex/dear_burke_cyclist_what_the_hell_am_i_supposed_to/,0,8vtfex,True,False,False,True,False,"[{'e': 'text', 't': 'Bicycle'}]",dark,richtext,False,False,True,431,0,False,all_ads,/r/SeattleWA/comments/8vtfex/dear_burke_cyclist_what_the_hell_am_i_supposed_to/,False,6,1530634180,richtext,514,"I've been running the stretch of the Burke between UW and Lake Forest Park for the last 5 years or so. It wasn't until the last year or so that I've been nearly mowed down by cyclist every time I'm out there.

I run as far to the right as humanly possible on the trail every single time as one should, and obviously expect to get passed - but still get shouted at to get out of the way, cursed at, and clipped incredibly close by people who end up passing me. The absolute worst spots are where the trail is overgrown a bit, as well as past Magnuson where the trail splits. My breaking point was yesterday when a guy on a recumbent bike trailed right behind me for a good two miles, and then flipped me off and shouted at me when he finally passed.

**My legitimate question is what the hell am I supposed to be doing to please you here?** In my mind, can't you just pass me as if I'm a car going slower than you on the road way? Can't you slow down and wait to pass if there is on coming traffic? I fully acknowledge that I'm the slower one out there - but the need to ""keep your pace"" with the risk of putting me and others in danger and cursing people out is complete bullshit. You guys don't own this trail - it's multi use for runners, walkers, families, etc.

Bell and whistle all you want but I'm not leaping off the trail to let you pass. I'm more and more wanting to run with a big stick and shove it in the spokes.

Sincerely - Fed Up Runner",True,False,False,SeattleWA,t5_2vbli,61253,public,self,Dear Burke Cyclist - What the Hell Am I Supposed to Do to Please You?,https://www.reddit.com/r/SeattleWA/comments/8vtfex/dear_burke_cyclist_what_the_hell_am_i_supposed_to/,all_ads,6,,,,,,Bicycle,,bicycle,5c11c9a4-cf11-11e7-8428-0ee512467070,,
boredasfucc,,[],,text,False,False,1530634094,self.SeattleWA,https://www.reddit.com/r/SeattleWA/comments/8vtezz/landlord_has_failed_to_produce_a_working_fire/,0,8vtezz,True,False,False,True,False,[],dark,text,False,False,True,45,0,False,all_ads,/r/SeattleWA/comments/8vtezz/landlord_has_failed_to_produce_a_working_fire/,False,6,1530634094,markdown,20,"I don't know if this is the right sub for this, but I have been living in my unit for five months now, and we have had broken detectors in our unit the whole time. I have brought this to the attention of the building manager, but she's made it clear that we are very low on her priority list and has done nothing about it.

As I don't want to die in a fire, and I'm just straight up done with not having what is legally required of the building manager, does anyone know where to report this to get it handled by the city?",True,False,False,SeattleWA,t5_2vbli,61253,public,self,Landlord has failed to produce a working Fire Alarm/CO2 Detector,https://www.reddit.com/r/SeattleWA/comments/8vtezz/landlord_has_failed_to_produce_a_working_fire/,all_ads,6,,,,,,,,,,,
fireflare31,,[],,text,False,False,1530633490,i.redd.it,https://www.reddit.com/r/SeattleWA/comments/8vtbz5/missing_dog_in_ballard_near_20th_and_63rd_30_lbs/,0,8vtbz5,True,False,True,False,False,[],dark,text,False,False,True,7,0,False,all_ads,/r/SeattleWA/comments/8vtbz5/missing_dog_in_ballard_near_20th_and_63rd_30_lbs/,False,6,1530633491,markdown,82,,True,False,False,SeattleWA,t5_2vbli,61253,public,https://b.thumbs.redditmedia.com/O6VfGmWcI9vHMMjN8owW_3VviASK4NQyQvd8ogT8xWk.jpg,Missing dog in Ballard near 20th and 63rd. 30 lbs black pit mix and super sweet. Please any info helps! Thanks,https://i.redd.it/qjgvzzut7r711.jpg,all_ads,6,image,"{'enabled': True, 'images': [{'id': 'V6SKANbbghCzEtwnL_b3kaNmZVHzBIDUUtaX2LVLTJI', 'resolutions': [{'height': 190, 'url': 'https://i.redditmedia.com/aSWLXbEweRxFOW4bITYpqPTIeTzDPJsi5CI84Dp0X4M.jpg?fit=crop&amp;crop=faces%2Centropy&amp;arh=2&amp;w=108&amp;s=8805260dee4eedb32a47312227ebe450', 'width': 108}, {'height': 380, 'url': 'https://i.redditmedia.com/aSWLXbEweRxFOW4bITYpqPTIeTzDPJsi5CI84Dp0X4M.jpg?fit=crop&amp;crop=faces%2Centropy&amp;arh=2&amp;w=216&amp;s=cd551ade55fb313e4050a573542bdc13', 'width': 216}, {'height': 563, 'url': 'https://i.redditmedia.com/aSWLXbEweRxFOW4bITYpqPTIeTzDPJsi5CI84Dp0X4M.jpg?fit=crop&amp;crop=faces%2Centropy&amp;arh=2&amp;w=320&amp;s=afe61a25c5111c7e4027f57a23cbc9e4', 'width': 320}], 'source': {'height': 938, 'url': 'https://i.redditmedia.com/aSWLXbEweRxFOW4bITYpqPTIeTzDPJsi5CI84Dp0X4M.jpg?s=dcb11d931b2d81d922dcc59c54c1a6a5', 'width': 533}, 'variants': {}}]}",140.0,140.0,,,,,,,
guitaristjs,,[],,text,False,False,1530632853,mixcloud.com,https://www.reddit.com/r/SeattleWA/comments/8vt8x4/cool_summertime_vibes_in_new_seattle_center/,0,8vt8x4,True,False,False,False,False,"[{'e': 'text', 't': 'Arts'}]",dark,richtext,False,False,True,1,0,False,all_ads,/r/SeattleWA/comments/8vt8x4/cool_summertime_vibes_in_new_seattle_center/,False,6,1530632854,markdown,4,,True,False,False,SeattleWA,t5_2vbli,61251,public,default,Cool summertime vibes in new Seattle Center fountain mix!,https://www.mixcloud.com/jameswhetzel/july-2-16-2018-seattle-center-international-fountain-mix/,all_ads,6,,,,,,Arts,,arts,e2ea1766-7a48-11e6-9c4d-0eeb724eeebd,,
Cosmo-DNA,,[],,text,False,False,1530631016,i.imgur.com,https://www.reddit.com/r/SeattleWA/comments/8vt097/all_dressed_up_for_the_4th_of_july/,0,8vt097,True,False,False,False,False,[],dark,text,False,False,True,2,0,False,all_ads,/r/SeattleWA/comments/8vt097/all_dressed_up_for_the_4th_of_july/,False,6,1530631017,markdown,20,,True,False,False,SeattleWA,t5_2vbli,61247,public,default,All dressed up for the 4th of July..,https://i.imgur.com/BvgeQg8.jpg,all_ads,6,,,,,,,,,,,
suckmydickpic,,[],,text,False,False,1530630475,self.SeattleWA,https://www.reddit.com/r/SeattleWA/comments/8vsxq1/looking_to_move_from_seattle_to_atlanta/,0,8vsxq1,True,False,False,True,False,"[{'e': 'text', 't': 'Question'}]",dark,richtext,False,False,True,19,0,False,all_ads,/r/SeattleWA/comments/8vsxq1/looking_to_move_from_seattle_to_atlanta/,False,6,1530630476,markdown,0,"What do I need to know? I currently work for Boeing an am checking out some roles at Lockheed Martin. I grew up in NJ, lived in NYC, so I am somewhat familiar with humid summers... somewhat. 

I know the hiking will be different, but how is Atlanta as a city compared to Seattle or NYC? I liked that Seattle was a smaller city than manhattan.

I also have a few questions for anyone that works/ed or knows of people that work(ed) for LM in Marietta.",True,False,False,SeattleWA,t5_2vbli,61247,public,self,Looking to move from Seattle to Atlanta,https://www.reddit.com/r/SeattleWA/comments/8vsxq1/looking_to_move_from_seattle_to_atlanta/,all_ads,6,,,,,,Question,,question,deb2d6c4-0e68-11e7-b2bd-0e2e93dbfc84,,
checkoutmuhhat,,[],,text,False,False,1530630077,self.SeattleWA,https://www.reddit.com/r/SeattleWA/comments/8vsvr3/does_anyone_here_own_the_sv_timber/,0,8vsvr3,True,False,False,True,False,[],dark,text,False,False,True,1,0,False,all_ads,/r/SeattleWA/comments/8vsvr3/does_anyone_here_own_the_sv_timber/,False,6,1530630079,markdown,0,I'd like to talk about something happened on the radio.,True,False,False,SeattleWA,t5_2vbli,61246,public,self,Does anyone here own the S/V Timber?,https://www.reddit.com/r/SeattleWA/comments/8vsvr3/does_anyone_here_own_the_sv_timber/,all_ads,6,,,,,,,,,,,
Cosmo-DNA,,[],,text,False,False,1530629192,capitolhillseattle.com,https://www.reddit.com/r/SeattleWA/comments/8vsrha/at_midtown_center_community_hopes_for_central/,0,8vsrha,True,False,False,False,False,[],dark,text,False,False,True,6,0,False,all_ads,/r/SeattleWA/comments/8vsrha/at_midtown_center_community_hopes_for_central/,False,6,1530629193,markdown,18,,True,False,False,SeattleWA,t5_2vbli,61246,public,default,"At Midtown Center, community hopes for Central District culture in redevelopment design",http://www.capitolhillseattle.com/2018/07/at-midtown-center-community-hopes-for-central-district-culture-in-redevelopments-design/,all_ads,6,,,,,,,,,,,
matthewryancase,,[],,text,False,False,1530627706,i.redd.it,https://www.reddit.com/r/SeattleWA/comments/8vskrw/i_love_that_i_can_buy_my_weed_legally_and_do_it/,0,8vskrw,True,False,True,False,False,[],dark,text,False,False,True,3,0,False,all_ads,/r/SeattleWA/comments/8vskrw/i_love_that_i_can_buy_my_weed_legally_and_do_it/,False,6,1530627707,markdown,0,,True,False,False,SeattleWA,t5_2vbli,61246,public,default,I love that I can buy my weed legally and do it with Bitcoin. Thanks Have A Heart you guys rock!,https://i.redd.it/1u7ctzshsq711.jpg,all_ads,6,,,,,,,,,,,
mrfahrenheight,,[],,text,False,False,1530627259,crosscut.com,https://www.reddit.com/r/SeattleWA/comments/8vsivf/5_ways_to_make_seattle_traffic_less_terrible/,0,8vsivf,True,False,False,False,False,[],dark,text,False,False,True,19,0,False,all_ads,/r/SeattleWA/comments/8vsivf/5_ways_to_make_seattle_traffic_less_terrible/,False,6,1530627260,markdown,22,,False,False,False,SeattleWA,t5_2vbli,61248,public,default,5 ways to make Seattle traffic less terrible,https://crosscut.com/2018/07/5-ways-make-seattle-traffic-less-terrible,all_ads,6,,,,,,,,,,,
mrfahrenheight,,[],,text,False,False,1530627109,kuow.org,https://www.reddit.com/r/SeattleWA/comments/8vsi66/80_shelter_beds_for_the_homeless_open_in_lobby_of/,0,8vsi66,True,False,False,False,False,[],dark,text,False,False,True,76,0,False,all_ads,/r/SeattleWA/comments/8vsi66/80_shelter_beds_for_the_homeless_open_in_lobby_of/,False,6,1530627110,markdown,306,,False,False,False,SeattleWA,t5_2vbli,61248,public,default,80 shelter beds for the homeless open in lobby of Seattle City Hall,http://kuow.org/post/80-shelter-beds-homeless-open-lobby-seattle-city-hall,all_ads,6,,,,,,,,,,,
mrfahrenheight,,[],,text,False,False,1530627033,komonews.com,https://www.reddit.com/r/SeattleWA/comments/8vshs3/seattle_mayor_suggests_rental_assistance_car/,0,8vshs3,True,False,False,False,False,[],dark,text,False,False,True,80,0,False,all_ads,/r/SeattleWA/comments/8vshs3/seattle_mayor_suggests_rental_assistance_car/,False,6,1530627034,markdown,54,,False,False,False,SeattleWA,t5_2vbli,61248,public,default,"Seattle mayor suggests rental assistance, car repairs could help some homeless",http://komonews.com/news/local/seattle-mayor-suggests-rental-assistance-car-repairs-could-help-some-homeless,all_ads,6,,,,,,,,,,,
stevec77,,[],,text,False,False,1530626970,pedestrian.tv,https://www.reddit.com/r/SeattleWA/comments/8vshhp/what_is_seattles_drinking_through_those_straws/,0,8vshhp,True,False,False,False,False,[],dark,text,False,False,True,1,0,False,all_ads,/r/SeattleWA/comments/8vshhp/what_is_seattles_drinking_through_those_straws/,False,6,1530626971,markdown,0,,True,False,False,SeattleWA,t5_2vbli,61247,public,https://b.thumbs.redditmedia.com/P5o-j0xhbS_Sx_tokf6fM-gdZx0pBcywSgpTKtTRlOo.jpg,What is Seattle’s drinking through those straws that compels its citizens to elect the goofiest fucking leaders and then stand passively by as they pass laws and raise taxes that we all know are turning the city into a third world shitehole?,https://www.pedestrian.tv/news/al-shabaab-plastic-bag-ban/,all_ads,6,link,"{'enabled': False, 'images': [{'id': '49ffcunoo8tQHMB0lbGobS-0VlEQtFEqgn3q8cj0pXI', 'resolutions': [{'height': 67, 'url': 'https://i.redditmedia.com/eh4l2GnYQPDiUywPNsLtlVcycheCKWqbYUhUcjGfCqw.jpg?fit=crop&amp;crop=faces%2Centropy&amp;arh=2&amp;w=108&amp;s=750c3224f17ada43e275f8d2d292c3ab', 'width': 108}, {'height': 134, 'url': 'https://i.redditmedia.com/eh4l2GnYQPDiUywPNsLtlVcycheCKWqbYUhUcjGfCqw.jpg?fit=crop&amp;crop=faces%2Centropy&amp;arh=2&amp;w=216&amp;s=77c680785b1588ebbc593f0f51b2ebc0', 'width': 216}, {'height': 199, 'url': 'https://i.redditmedia.com/eh4l2GnYQPDiUywPNsLtlVcycheCKWqbYUhUcjGfCqw.jpg?fit=crop&amp;crop=faces%2Centropy&amp;arh=2&amp;w=320&amp;s=8f5ec3ff29c32a77677fd148e4fb2970', 'width': 320}], 'source': {'height': 397, 'url': 'https://i.redditmedia.com/eh4l2GnYQPDiUywPNsLtlVcycheCKWqbYUhUcjGfCqw.jpg?s=b3f851f51f09a908488267421dede6fe', 'width': 636}, 'variants': {}}]}",87.0,140.0,,,,,,t3_8vpvoj,"[{'approved_at_utc': None, 'approved_by': None, 'archived': False, 'author': 'FaustianBargainHunt', 'author_flair_background_color': None, 'author_flair_css_class': None, 'author_flair_richtext': [], 'author_flair_template_id': None, 'author_flair_text': None, 'author_flair_text_color': None, 'author_flair_type': 'text', 'banned_at_utc': None, 'banned_by': None, 'can_gild': True, 'can_mod_post': False, 'category': None, 'clicked': False, 'content_categories': None, 'contest_mode': False, 'created': 1530626889.0, 'created_utc': 1530598089.0, 'distinguished': None, 'domain': 'pedestrian.tv', 'downs': 0, 'edited': False, 'gilded': 1, 'hidden': False, 'hide_score': False, 'id': '8vpvoj', 'is_crosspostable': True, 'is_original_content': False, 'is_reddit_media_domain': False, 'is_self': False, 'is_video': False, 'likes': None, 'link_flair_css_class': None, 'link_flair_richtext': [], 'link_flair_text': None, 'link_flair_text_color': 'dark', 'link_flair_type': 'text', 'locked': False, 'media': None, 'media_embed': {}, 'media_only': False, 'mod_note': None, 'mod_reason_by': None, 'mod_reason_title': None, 'mod_reports': [], 'name': 't3_8vpvoj', 'no_follow': False, 'num_comments': 1345, 'num_crossposts': 7, 'num_reports': None, 'over_18': False, 'parent_whitelist_status': 'all_ads', 'permalink': '/r/nottheonion/comments/8vpvoj/somali_militant_group_alshabaab_announces_ban_on/', 'pinned': False, 'post_categories': None, 'post_hint': 'link', 'preview': {'enabled': False, 'images': [{'id': '49ffcunoo8tQHMB0lbGobS-0VlEQtFEqgn3q8cj0pXI', 'resolutions': [{'height': 67, 'url': 'https://i.redditmedia.com/eh4l2GnYQPDiUywPNsLtlVcycheCKWqbYUhUcjGfCqw.jpg?fit=crop&amp;crop=faces%2Centropy&amp;arh=2&amp;w=108&amp;s=750c3224f17ada43e275f8d2d292c3ab', 'width': 108}, {'height': 134, 'url': 'https://i.redditmedia.com/eh4l2GnYQPDiUywPNsLtlVcycheCKWqbYUhUcjGfCqw.jpg?fit=crop&amp;crop=faces%2Centropy&amp;arh=2&amp;w=216&amp;s=77c680785b1588ebbc593f0f51b2ebc0', 'width': 216}, {'height': 199, 'url': 'https://i.redditmedia.com/eh4l2GnYQPDiUywPNsLtlVcycheCKWqbYUhUcjGfCqw.jpg?fit=crop&amp;crop=faces%2Centropy&amp;arh=2&amp;w=320&amp;s=8f5ec3ff29c32a77677fd148e4fb2970', 'width': 320}], 'source': {'height': 397, 'url': 'https://i.redditmedia.com/eh4l2GnYQPDiUywPNsLtlVcycheCKWqbYUhUcjGfCqw.jpg?s=b3f851f51f09a908488267421dede6fe', 'width': 636}, 'variants': {}}]}, 'pwls': 6, 'quarantine': False, 'removal_reason': None, 'report_reasons': None, 'rte_mode': 'markdown', 'saved': False, 'score': 40860, 'secure_media': None, 'secure_media_embed': {}, 'selftext': '', 'selftext_html': None, 'send_replies': False, 'spoiler': False, 'stickied': False, 'subreddit': 'nottheonion', 'subreddit_id': 't5_2qnts', 'subreddit_name_prefixed': 'r/nottheonion', 'subreddit_subscribers': 13653485, 'subreddit_type': 'public', 'suggested_sort': None, 'thumbnail': 'https://b.thumbs.redditmedia.com/P5o-j0xhbS_Sx_tokf6fM-gdZx0pBcywSgpTKtTRlOo.jpg', 'thumbnail_height': 87, 'thumbnail_width': 140, 'title': 'Somali Militant Group Al-Shabaab Announces Ban On Single-Use Plastic Bags', 'ups': 40860, 'url': 'https://www.pedestrian.tv/news/al-shabaab-plastic-bag-ban/', 'user_reports': [], 'view_count': None, 'visited': False, 'whitelist_status': 'all_ads', 'wls': 6}]"
mrfahrenheight,,[],,text,False,False,1530626471,seattletimes.com,https://www.reddit.com/r/SeattleWA/comments/8vsf73/group_says_it_has_360000_signatures_to_put/,0,8vsf73,True,False,False,False,False,[],dark,text,False,False,True,287,0,False,all_ads,/r/SeattleWA/comments/8vsf73/group_says_it_has_360000_signatures_to_put/,False,6,1530626472,markdown,38,,False,False,False,SeattleWA,t5_2vbli,61247,public,default,"Group says it has 360,000 signatures to put gun-safety measure on Washington’s November ballot",https://www.seattletimes.com/seattle-news/politics/group-says-it-has-360000-signatures-to-put-gun-safety-measure-on-washingtons-november-ballot/,all_ads,6,,,,,,,,,,,
bigpandas,,[],,text,False,False,1530605960,komonews.com,https://www.reddit.com/r/SeattleWA/comments/8vqj06/my_son_was_loved_family_mourns_teen_as_2_lewis_co/,0,8vqj06,True,False,False,False,False,[],dark,text,False,False,True,8,0,False,all_ads,/r/SeattleWA/comments/8vqj06/my_son_was_loved_family_mourns_teen_as_2_lewis_co/,False,6,1530605960,markdown,9,,True,False,False,SeattleWA,t5_2vbli,61241,public,default,"'My son was loved;' Family mourns teen as 2 Lewis Co. brothers charged with rape, murder",http://komonews.com/news/local/family-mourns-teen-boy-as-lewis-county-brothers-charged-in-brutal-rape-murder,all_ads,6,,,,,,,,,,,
edlreddit,,[],,text,False,False,1530596469,i.redd.it,https://www.reddit.com/r/SeattleWA/comments/8vpqnc/space_needle_earlier_today/,0,8vpqnc,False,False,True,False,False,[],dark,text,False,False,True,0,0,False,all_ads,/r/SeattleWA/comments/8vpqnc/space_needle_earlier_today/,False,6,1530596470,markdown,1,,False,False,False,SeattleWA,t5_2vbli,61234,public,default,Space Needle Earlier Today,https://i.redd.it/t001cyhf4o711.jpg,all_ads,6,,,,,,,,,,,
thedivegrass,,[],,text,False,False,1530596338,self.SeattleWA,https://www.reddit.com/r/SeattleWA/comments/8vpq86/best_of_seattle_4th_of_july/,0,8vpq86,True,False,False,True,False,[],dark,text,False,False,True,33,0,False,all_ads,/r/SeattleWA/comments/8vpq86/best_of_seattle_4th_of_july/,False,6,1530596340,markdown,19,"## Best of Seattle:  4th of July

[And I've never truly felt the way that I /
Felt that Fourth of July \(Fourth of July\)](https://www.youtube.com/watch?v=ELVsfU2rDiQ)

## What is Best of Seattle?  

""Best Of Seattle"" is a recurring weekly (or more often) post where a new topic is presented to the community.  This post will be added to the subreddit wiki as a resource for new users and the community.  Make high quality submissions with details and links!  **Feel free to ask your own questions.**  You can see [the calendar of topics here.](https://www.reddit.com/r/SeattleWA/comments/761r7i/best_of_seattle_weekly_discussions_for_the/?st=j8trmkvp&amp;sh=cba4b9a1)

&gt;*Soon:  Comedy*",False,False,False,SeattleWA,t5_2vbli,61234,public,self,Best of Seattle: 4th of July,https://www.reddit.com/r/SeattleWA/comments/8vpq86/best_of_seattle_4th_of_july/,all_ads,6,self,"{'enabled': False, 'images': [{'id': '9RL-1hYyJUwn6wbs05UbEXDXoi6cg-dEB6YEIzHsltk', 'resolutions': [{'height': 81, 'url': 'https://i.redditmedia.com/PTOD4aHM4PfAlM1hlyF7HiW23lCoC6spkWg9KSRwlkY.jpg?fit=crop&amp;crop=faces%2Centropy&amp;arh=2&amp;w=108&amp;s=f6e2f5917866039a21f59704ba36cb84', 'width': 108}, {'height': 162, 'url': 'https://i.redditmedia.com/PTOD4aHM4PfAlM1hlyF7HiW23lCoC6spkWg9KSRwlkY.jpg?fit=crop&amp;crop=faces%2Centropy&amp;arh=2&amp;w=216&amp;s=cacba3a592cfd91f47359562a2a54388', 'width': 216}, {'height': 240, 'url': 'https://i.redditmedia.com/PTOD4aHM4PfAlM1hlyF7HiW23lCoC6spkWg9KSRwlkY.jpg?fit=crop&amp;crop=faces%2Centropy&amp;arh=2&amp;w=320&amp;s=4b8af4059117bc04a464f2843d9866f6', 'width': 320}], 'source': {'height': 360, 'url': 'https://i.redditmedia.com/PTOD4aHM4PfAlM1hlyF7HiW23lCoC6spkWg9KSRwlkY.jpg?s=857ed421d380f0a7baa817d0622bbab9', 'width': 480}, 'variants': {}}]}",,,,,,,,,
Andy_Glass,,[],,text,False,False,1530596099,youtube.com,https://www.reddit.com/r/SeattleWA/comments/8vpphm/seattle_friendships_in_a_nutshell/,0,8vpphm,True,False,False,False,False,[],dark,text,False,False,True,38,0,False,all_ads,/r/SeattleWA/comments/8vpphm/seattle_friendships_in_a_nutshell/,False,6,1530596100,markdown,77,,True,False,False,SeattleWA,t5_2vbli,61234,public,default,Seattle Friendships in a Nutshell,https://www.youtube.com/watch?v=tk2AXB3wf9s,all_ads,6,,,,,,,,,,,
edlreddit,,[],,text,False,False,1530595263,self.SeattleWA,https://www.reddit.com/r/SeattleWA/comments/8vpmoe/space_needle_today/,0,8vpmoe,False,False,False,True,False,"[{'e': 'text', 't': 'Media'}]",dark,richtext,False,False,True,0,0,False,all_ads,/r/SeattleWA/comments/8vpmoe/space_needle_today/,False,6,1530595265,richtext,1,[removed],True,False,False,SeattleWA,t5_2vbli,61232,public,self,Space Needle Today,https://www.reddit.com/r/SeattleWA/comments/8vpmoe/space_needle_today/,all_ads,6,,,,,,Media,,media,168a4956-7a49-11e6-ad69-0e9ca4a99471,,
Ava918ava,,[],,text,False,False,1530590853,self.SeattleWA,https://www.reddit.com/r/SeattleWA/comments/8vp77g/any_info_on_the_general_commute_time_from_ballard/,0,8vp77g,True,False,False,True,False,[],dark,text,False,False,True,15,0,False,all_ads,/r/SeattleWA/comments/8vp77g/any_info_on_the_general_commute_time_from_ballard/,False,6,1530590854,markdown,0,"I’m a travel nurse coming to the area soon and looking for a place to stay. I found a pretty decent apartment in Ballard but what would you say is the general commute time to the hospital? I’ll be working the night shift, so shift starting at 7pm. ",True,False,False,SeattleWA,t5_2vbli,61229,public,self,Any info on the general commute time from Ballard to Swedish first hill hospital?,https://www.reddit.com/r/SeattleWA/comments/8vp77g/any_info_on_the_general_commute_time_from_ballard/,all_ads,6,,,,,,,,,,,
Seattle_Artifacts,,[],,text,False,False,1530588819,imgflip.com,https://www.reddit.com/r/SeattleWA/comments/8vozy7/after_spending_an_evening_at_green_lake_ive/,0,8vozy7,True,False,False,False,False,[],dark,text,False,False,True,0,0,False,all_ads,/r/SeattleWA/comments/8vozy7/after_spending_an_evening_at_green_lake_ive/,False,6,1530588820,markdown,0,,True,False,False,SeattleWA,t5_2vbli,61226,public,default,After spending an evening at Green Lake I've concluded the following,https://imgflip.com/i/2db652,all_ads,6,,,,,,,,,,,
SounderBruce,,[],,text,False,False,1530585078,seattletimes.com,https://www.reddit.com/r/SeattleWA/comments/8volxw/hunt_underway_for_chunks_of_massive_meteor_that/,0,8volxw,True,False,False,False,False,[],dark,text,False,False,True,7,0,False,all_ads,/r/SeattleWA/comments/8volxw/hunt_underway_for_chunks_of_massive_meteor_that/,False,6,1530585080,markdown,24,,False,False,False,SeattleWA,t5_2vbli,61222,public,default,Hunt underway for chunks of massive meteor that splashed down off Washington,https://www.seattletimes.com/seattle-news/science/a-massive-meteor-splashed-down-off-washington-in-march-now-scientists-hope-to-find-it/,all_ads,6,,,,,,,,,,,
LIL_BIRKI,,[],,text,False,False,1530582938,self.SeattleWA,https://www.reddit.com/r/SeattleWA/comments/8vod6b/how_much_will_the_509_cost_tomorrow_at_11am/,0,8vod6b,True,False,False,True,False,[],dark,text,False,False,True,8,0,False,all_ads,/r/SeattleWA/comments/8vod6b/how_much_will_the_509_cost_tomorrow_at_11am/,False,6,1530582939,markdown,0,I have never driven over the toll bridge before and don't really know what to expect. I don't even habe a car but I'm borrowing one tomorrow to drive to Kirkland and I'm wondering if I should take the 509 or take the more southern non toll bridge. Thanks in advance friends! ,True,False,False,SeattleWA,t5_2vbli,61221,public,self,How much will the 509 cost tomorrow at 11am?,https://www.reddit.com/r/SeattleWA/comments/8vod6b/how_much_will_the_509_cost_tomorrow_at_11am/,all_ads,6,,,,,,,,,,,
MrsQueenBee,,[],,text,False,False,1530582772,imgur.com,https://www.reddit.com/r/SeattleWA/comments/8vocey/ass_travel_could_be_wet_tomorrow/,0,8vocey,True,False,False,False,False,[],dark,text,False,False,True,6,0,False,all_ads,/r/SeattleWA/comments/8vocey/ass_travel_could_be_wet_tomorrow/,False,6,1530582772,markdown,21,,True,False,False,SeattleWA,t5_2vbli,61221,public,default,Ass Travel Could Be Wet Tomorrow!,https://imgur.com/Sf4tAfi,all_ads,6,,,,,,,,,,,
hereandthennot,,[],,text,False,False,1530582399,self.SeattleWA,https://www.reddit.com/r/SeattleWA/comments/8voavx/remote_devops_engineer_just_moved_to_seattle_my/,0,8voavx,True,False,False,True,False,"[{'e': 'text', 't': 'Meetup'}]",dark,richtext,False,False,True,30,0,False,all_ads,/r/SeattleWA/comments/8voavx/remote_devops_engineer_just_moved_to_seattle_my/,False,6,1530582400,richtext,0,"Pretty lazy way to socialize but this is more effort than normal. I live in SLU but I like hanging out in Freemont and Ballard as well, have some friends at Amazon but don't see them daily. My close friends who also work remote are gone form Seattle. 

Looking to make new friends anyways and have the 4th off. I don't really drink, but I'm a bit of a foodie and I like a good drink or two on a day off. I'm down for anything but I'm pretty reserved and kind of passed my partying phase. Not really into the pay to go to a bar party thing. if there are other remote people around who wanna meet up We should. 

I'm into electronic music, coding? I like to hike, like food like good humour etc. &lt;-- I tried ",True,False,False,SeattleWA,t5_2vbli,61221,public,self,"Remote DevOps Engineer: Just moved to Seattle, my friends are in SanFran for the 4th, anyone wanna hang out?",https://www.reddit.com/r/SeattleWA/comments/8voavx/remote_devops_engineer_just_moved_to_seattle_my/,all_ads,6,,,,,,Meetup,,meetup,1044fbc2-7a49-11e6-8d0b-0e113643c931,,
mukerskj33,,[],,text,False,False,1530582145,self.SeattleWA,https://www.reddit.com/r/SeattleWA/comments/8vo9t4/im_free_im_free_from_seattle_the_cursed_city/,0,8vo9t4,True,False,False,True,False,"[{'e': 'text', 't': 'Discussion'}]",dark,richtext,False,False,True,21,0,False,all_ads,/r/SeattleWA/comments/8vo9t4/im_free_im_free_from_seattle_the_cursed_city/,False,6,1530582147,richtext,0,"I left a week ago for Miami to finally change my life. My mother died a month ago and I'm the only child and also my father died several years ago from heart-attack so, I'm all alone. I packed my bag and had some money and info to make 5 months rent. I promised on this forum that I would be posting when I make it out of this city and get a job.

Found an apt in ""Doral"" and got a job few days ago. The cons of moving and leaving that worthless cursed city is that I still didn't get the job I wanted rather I just got the job that was easiest to get. I'm planning on doing job searching while I have this one.

Sunshine

Cheap rent

Better dating-scene

Better people

If you hate Seattle then pack up guys and move away. The place I was born in has been taken over by Californians so, they can have it however America is huge. I was born in Seattle in 1989 and I have been stuck in that worthless city since then so, please don't be mad about my rant for the city. Probably I will be back next year to visit my mother's grave. Can't wait to visit Ballard and Capital Hill when I comeback.

Ask me anything????",True,False,False,SeattleWA,t5_2vbli,61220,public,self,"I'm free, I'm free from Seattle: The cursed city",https://www.reddit.com/r/SeattleWA/comments/8vo9t4/im_free_im_free_from_seattle_the_cursed_city/,all_ads,6,,,,,,Discussion,,discussion,f3f2f636-7a48-11e6-a022-0e38969b1951,,
Chs135,,[],,text,False,False,1530577603,self.SeattleWA,https://www.reddit.com/r/SeattleWA/comments/8vnqcp/july_4th_ferries_to_bremerton/,0,8vnqcp,True,False,False,True,False,[],dark,text,False,False,True,10,0,False,all_ads,/r/SeattleWA/comments/8vnqcp/july_4th_ferries_to_bremerton/,False,6,1530577603,markdown,5,"Hi all,

My husband and I are thinking of taking the scenic route to Long Beach WA by way of ferry. However, what will the ferry situation look like on the actual morning of the 4th? On the flip side, is I5 going to be any better? Our hotel check in is at 3 so we have all day but I’d rather leave earlier if we have to. Any advice would be appreciated!

",True,False,False,SeattleWA,t5_2vbli,61216,public,self,July 4th ferries to Bremerton?,https://www.reddit.com/r/SeattleWA/comments/8vnqcp/july_4th_ferries_to_bremerton/,all_ads,6,,,,,,,,,,,
RitaRudzinsky,,[],,text,False,False,1530574765,mynorthwest.com,https://www.reddit.com/r/SeattleWA/comments/8vnend/kshama_sawant_wants_to_oust_four_corporatebacked/,0,8vnend,True,False,False,False,False,[],dark,text,False,False,True,2,0,False,all_ads,/r/SeattleWA/comments/8vnend/kshama_sawant_wants_to_oust_four_corporatebacked/,False,6,1530574766,markdown,3,,True,False,False,SeattleWA,t5_2vbli,61212,public,https://a.thumbs.redditmedia.com/zgXdyfoN9f9sb1Tl4tyXLMcqNZO6A3UZdU6gKR5Gac8.jpg,Kshama Sawant wants to oust four ‘corporate-backed’ council members,http://mynorthwest.com/1038744/sawant-oust-four-council-members,all_ads,6,link,"{'enabled': False, 'images': [{'id': 'TJPBtzmnSNFrFyBvRDg19Sw7MXR2q94yxMhD0I1T52o', 'resolutions': [{'height': 64, 'url': 'https://i.redditmedia.com/961qVBFzoMHL6iujIDuWHegqsi4-lYMz-7bXqX6i_LE.jpg?fit=crop&amp;crop=faces%2Centropy&amp;arh=2&amp;w=108&amp;s=9ca594e0ae6596e4cbe3398273f092c1', 'width': 108}, {'height': 128, 'url': 'https://i.redditmedia.com/961qVBFzoMHL6iujIDuWHegqsi4-lYMz-7bXqX6i_LE.jpg?fit=crop&amp;crop=faces%2Centropy&amp;arh=2&amp;w=216&amp;s=47f1a62a2738787f9a21b8b7260b1d1e', 'width': 216}, {'height': 190, 'url': 'https://i.redditmedia.com/961qVBFzoMHL6iujIDuWHegqsi4-lYMz-7bXqX6i_LE.jpg?fit=crop&amp;crop=faces%2Centropy&amp;arh=2&amp;w=320&amp;s=f90c41ea26e65cae66f64014fa92fe98', 'width': 320}], 'source': {'height': 370, 'url': 'https://i.redditmedia.com/961qVBFzoMHL6iujIDuWHegqsi4-lYMz-7bXqX6i_LE.jpg?s=ff3fc107a1b532384b2d00b0895380ec', 'width': 620}, 'variants': {}}]}",83.0,140.0,,,,,,t3_8vnel9,"[{'approved_at_utc': None, 'approved_by': None, 'archived': False, 'author': 'RitaRudzinsky', 'author_flair_background_color': None, 'author_flair_css_class': None, 'author_flair_richtext': [], 'author_flair_template_id': None, 'author_flair_text': None, 'author_flair_text_color': None, 'author_flair_type': 'text', 'banned_at_utc': None, 'banned_by': None, 'can_gild': True, 'can_mod_post': False, 'category': None, 'clicked': False, 'content_categories': None, 'contest_mode': False, 'created': 1530603553.0, 'created_utc': 1530574753.0, 'distinguished': None, 'domain': 'mynorthwest.com', 'downs': 0, 'edited': False, 'gilded': 0, 'hidden': False, 'hide_score': True, 'id': '8vnel9', 'is_crosspostable': True, 'is_original_content': False, 'is_reddit_media_domain': False, 'is_self': False, 'is_video': False, 'likes': None, 'link_flair_css_class': None, 'link_flair_richtext': [], 'link_flair_text': None, 'link_flair_text_color': 'dark', 'link_flair_type': 'text', 'locked': False, 'media': None, 'media_embed': {}, 'media_only': False, 'mod_note': None, 'mod_reason_by': None, 'mod_reason_title': None, 'mod_reports': [], 'name': 't3_8vnel9', 'no_follow': True, 'num_comments': 0, 'num_crossposts': 1, 'num_reports': None, 'over_18': False, 'parent_whitelist_status': 'all_ads', 'permalink': '/r/Seattle/comments/8vnel9/kshama_sawant_wants_to_oust_four_corporatebacked/', 'pinned': False, 'post_categories': None, 'post_hint': 'link', 'preview': {'enabled': False, 'images': [{'id': 'TJPBtzmnSNFrFyBvRDg19Sw7MXR2q94yxMhD0I1T52o', 'resolutions': [{'height': 64, 'url': 'https://i.redditmedia.com/961qVBFzoMHL6iujIDuWHegqsi4-lYMz-7bXqX6i_LE.jpg?fit=crop&amp;crop=faces%2Centropy&amp;arh=2&amp;w=108&amp;s=9ca594e0ae6596e4cbe3398273f092c1', 'width': 108}, {'height': 128, 'url': 'https://i.redditmedia.com/961qVBFzoMHL6iujIDuWHegqsi4-lYMz-7bXqX6i_LE.jpg?fit=crop&amp;crop=faces%2Centropy&amp;arh=2&amp;w=216&amp;s=47f1a62a2738787f9a21b8b7260b1d1e', 'width': 216}, {'height': 190, 'url': 'https://i.redditmedia.com/961qVBFzoMHL6iujIDuWHegqsi4-lYMz-7bXqX6i_LE.jpg?fit=crop&amp;crop=faces%2Centropy&amp;arh=2&amp;w=320&amp;s=f90c41ea26e65cae66f64014fa92fe98', 'width': 320}], 'source': {'height': 370, 'url': 'https://i.redditmedia.com/961qVBFzoMHL6iujIDuWHegqsi4-lYMz-7bXqX6i_LE.jpg?s=ff3fc107a1b532384b2d00b0895380ec', 'width': 620}, 'variants': {}}]}, 'pwls': 6, 'quarantine': False, 'removal_reason': None, 'report_reasons': None, 'rte_mode': 'markdown', 'saved': False, 'score': 1, 'secure_media': None, 'secure_media_embed': {}, 'selftext': '', 'selftext_html': None, 'send_replies': True, 'spoiler': False, 'stickied': False, 'subreddit': 'Seattle', 'subreddit_id': 't5_2qhad', 'subreddit_name_prefixed': 'r/Seattle', 'subreddit_subscribers': 122495, 'subreddit_type': 'public', 'suggested_sort': None, 'thumbnail': 'https://a.thumbs.redditmedia.com/zgXdyfoN9f9sb1Tl4tyXLMcqNZO6A3UZdU6gKR5Gac8.jpg', 'thumbnail_height': 83, 'thumbnail_width': 140, 'title': 'Kshama Sawant wants to oust four ‘corporate-backed’ council members', 'ups': 1, 'url': 'http://mynorthwest.com/1038744/sawant-oust-four-council-members', 'user_reports': [], 'view_count': None, 'visited': False, 'whitelist_status': 'all_ads', 'wls': 6}]"
ChefJoe98136,,[],,text,False,False,1530573248,mynorthwest.com,https://www.reddit.com/r/SeattleWA/comments/8vn89g/seattle_reporter_attacked_during_pioneer_square/,0,8vn89g,True,False,False,False,False,[],dark,text,False,False,True,53,0,False,all_ads,/r/SeattleWA/comments/8vn89g/seattle_reporter_attacked_during_pioneer_square/,False,6,1530573249,markdown,114,,True,False,False,SeattleWA,t5_2vbli,61212,public,default,Seattle reporter attacked during Pioneer Square interview by homeless bike thief with a garrote,http://mynorthwest.com/1034303/horcher-pioneer-square-attack/,all_ads,6,,,,,,,,,,,
TheTim,,[],,text,False,False,1530573077,seattlebubble.com,https://www.reddit.com/r/SeattleWA/comments/8vn7jj/good_news_home_buyers_the_inventory_crunch_may/,0,8vn7jj,True,False,False,False,False,[],dark,text,False,False,True,53,0,False,all_ads,/r/SeattleWA/comments/8vn7jj/good_news_home_buyers_the_inventory_crunch_may/,False,6,1530573079,markdown,36,,True,False,False,SeattleWA,t5_2vbli,61210,public,default,"Good news, home buyers: the inventory crunch may quickly be coming to an end as for-sale listings surged even higher in June",https://seattlebubble.com/blog/2018/07/02/june-stats-preview-listings-surge-even-higher-in-june/,all_ads,6,,,,,,,,,,,
PoisonousAntagonist,,[],,text,False,False,1530570541,seattletimes.com,https://www.reddit.com/r/SeattleWA/comments/8vmwkq/two_seattle_techtraining_programs_why_did_one/,0,8vmwkq,True,False,False,False,False,[],dark,text,False,False,True,1,0,False,all_ads,/r/SeattleWA/comments/8vmwkq/two_seattle_techtraining_programs_why_did_one/,False,6,1530570542,markdown,1,,False,False,False,SeattleWA,t5_2vbli,61208,public,https://b.thumbs.redditmedia.com/cOw2ehMqEpabGQnIzH4ph-dIAcWqM-HzdbdVYV9KWxM.jpg,"Two Seattle tech-training programs — why did one succeed, one fail?",https://www.seattletimes.com/seattle-news/the-feds-funded-two-seattle-tech-training-programs-so-why-did-one-succeed-and-one-fail/,all_ads,6,link,"{'enabled': False, 'images': [{'id': 'YRIhxl6KpYce1NC2fMqyiZqNZkh0ZOxxD5EJAas_E44', 'resolutions': [{'height': 108, 'url': 'https://i.redditmedia.com/1zcBl_bvSIbV-95FSc_cqAUd_3HEFTwCXWCl88ldz60.jpg?fit=crop&amp;crop=faces%2Centropy&amp;arh=2&amp;w=108&amp;s=f7bb98895393cce9396ab5d4496bdb23', 'width': 108}], 'source': {'height': 200, 'url': 'https://i.redditmedia.com/1zcBl_bvSIbV-95FSc_cqAUd_3HEFTwCXWCl88ldz60.jpg?s=aa86592ee5d36b601208c2727790b075', 'width': 200}, 'variants': {}}]}",140.0,140.0,,,,,,,
MegaRAID01,,[],,text,False,False,1530570462,mynorthwest.com,https://www.reddit.com/r/SeattleWA/comments/8vmw92/kshama_sawant_wants_to_oust_four_corporatebacked/,0,8vmw92,True,False,False,False,False,[],dark,text,False,False,True,109,0,False,all_ads,/r/SeattleWA/comments/8vmw92/kshama_sawant_wants_to_oust_four_corporatebacked/,False,6,1530570463,markdown,42,,False,False,False,SeattleWA,t5_2vbli,61208,public,default,Kshama Sawant wants to oust four 'corporate-backed' council members,http://mynorthwest.com/1038744/sawant-oust-four-council-members/,all_ads,6,,,,,,,,,,,
PoisonousAntagonist,,[],,text,False,False,1530570179,capitolhillseattle.com,https://www.reddit.com/r/SeattleWA/comments/8vmv09/why_isnt_capitol_hill_more_afraid_of_crime/,0,8vmv09,True,False,False,False,False,[],dark,text,False,False,True,13,0,False,all_ads,/r/SeattleWA/comments/8vmv09/why_isnt_capitol_hill_more_afraid_of_crime/,False,6,1530570180,markdown,2,,False,False,False,SeattleWA,t5_2vbli,61208,public,default,Why isn’t Capitol Hill more afraid of crime?,http://www.capitolhillseattle.com/2018/07/why-isnt-capitol-hill-more-afraid-of-crime/,all_ads,6,,,,,,,,,,,
aradninja,,[],,text,False,False,1530569838,i.redd.it,https://www.reddit.com/r/SeattleWA/comments/8vmtgn/missing_cat_in_madison_valley_seattle_27th_howell/,0,8vmtgn,True,False,True,False,False,"[{'e': 'text', 't': 'Lifestyle'}]",dark,richtext,False,False,True,38,0,False,all_ads,/r/SeattleWA/comments/8vmtgn/missing_cat_in_madison_valley_seattle_27th_howell/,False,6,1530569840,markdown,924,,True,False,False,SeattleWA,t5_2vbli,61208,public,default,"Missing Cat in Madison Valley, Seattle. 27th &amp; Howell. Charlie is an adult male Siamese mix with big blue eyes. He's a indoor cat so he might be shy but usually is a talker. I love this little bundle of fur so stupidly much so any information helps! Thank you!!",https://i.redd.it/youfvy460m711.jpg,all_ads,6,,,,,,Lifestyle,,lifestyle,0d14c324-7a49-11e6-bf71-0e6da4bbd5b7,,
SoberHungry,,[],,text,False,False,1530567025,self.SeattleWA,https://www.reddit.com/r/SeattleWA/comments/8vmghz/i_have_some_mariners_bobbleheads_that_need_a_good/,0,8vmghz,True,False,False,True,False,[],dark,text,False,False,True,7,0,False,all_ads,/r/SeattleWA/comments/8vmghz/i_have_some_mariners_bobbleheads_that_need_a_good/,False,6,1530567027,markdown,1,"I have 2 Fernando Rodney. 2 HOF Jamie Moyer. And 1 Felix Hernandez. Maybe around 2015? I'd rather check in here first before chucking them up on Craigslist.

I mostly want them out of the house. DM to set it up. You can offer me money but mostly want them gone. 

Thanks. And apologies if this is against any rules or anything. ",True,False,False,SeattleWA,t5_2vbli,61204,public,self,I have some Mariners bobbleheads that need a good home,https://www.reddit.com/r/SeattleWA/comments/8vmghz/i_have_some_mariners_bobbleheads_that_need_a_good/,all_ads,6,,,,,,,,,,,
seattleslow,,[],,text,False,False,1530566851,theurbanist.org,https://www.reddit.com/r/SeattleWA/comments/8vmfqu/pour_one_out_for_the_true_victims_of_the_housing/,0,8vmfqu,True,False,False,False,False,[],dark,text,False,False,True,1,0,False,all_ads,/r/SeattleWA/comments/8vmfqu/pour_one_out_for_the_true_victims_of_the_housing/,False,6,1530566852,markdown,0,,True,False,False,SeattleWA,t5_2vbli,61204,public,default,Pour One Out for the True Victims of the Housing Crisis: Single Family Homeowners » The Urbanist,https://www.theurbanist.org/2018/07/02/pour-one-out-for-the-true-victims-of-the-housing-crisis-single-family-homeowners/?utm_source=dlvr.it&amp;utm_medium=facebook,all_ads,6,,,,,,,,,,,
PoisonousAntagonist,,[],,text,False,False,1530566266,king5.com,https://www.reddit.com/r/SeattleWA/comments/8vmcvk/two_deaths_no_births_for_southern_resident_orcas/,0,8vmcvk,True,False,False,False,False,[],dark,text,False,False,True,15,0,False,all_ads,/r/SeattleWA/comments/8vmcvk/two_deaths_no_births_for_southern_resident_orcas/,False,6,1530566267,markdown,102,,False,False,False,SeattleWA,t5_2vbli,61203,public,default,"Two deaths, no births for southern resident Orcas over the past year",https://www.king5.com/article/tech/science/environment/two-deaths-no-births-for-southern-resident-orcas-over-the-past-year/281-569845397,all_ads,6,,,,,,,,,,,
PoisonousAntagonist,,[],,text,False,False,1530566180,kiro7.com,https://www.reddit.com/r/SeattleWA/comments/8vmcgo/time_for_the_next_chapter_seahawks_kam_chancellor/,0,8vmcgo,True,False,False,False,False,[],dark,text,False,False,True,6,0,False,all_ads,/r/SeattleWA/comments/8vmcgo/time_for_the_next_chapter_seahawks_kam_chancellor/,False,6,1530566181,markdown,13,,False,False,False,SeattleWA,t5_2vbli,61203,public,default,‘Time for the next chapter': Seahawks' Kam Chancellor hints at retirement,https://www.kiro7.com/news/local/time-for-the-next-chapter-seahawks-kam-chancellor-hints-at-retirement/781089385,all_ads,6,,,,,,,,,,,
PoisonousAntagonist,,[],,text,False,False,1530566125,kiro7.com,https://www.reddit.com/r/SeattleWA/comments/8vmc6n/backpagecom_sanctioned_by_pierce_county_judge_in/,0,8vmc6n,True,False,False,False,False,[],dark,text,False,False,True,1,0,False,all_ads,/r/SeattleWA/comments/8vmc6n/backpagecom_sanctioned_by_pierce_county_judge_in/,False,6,1530566126,markdown,10,,False,False,False,SeattleWA,t5_2vbli,61203,public,default,"Backpage.com sanctioned by Pierce County judge in lawsuit, after CEO's guilty plea",https://www.kiro7.com/news/south-sound-news/backpagecom-sanctioned-by-pierce-county-judge-in-lawsuit-after-ceo-s-guilty-plea/781580703,all_ads,6,,,,,,,,,,,
PoisonousAntagonist,,[],,text,False,False,1530564929,thestranger.com,https://www.reddit.com/r/SeattleWA/comments/8vm6j0/mudede_alert_magnolia_is_seattles_crimeinfested/,0,8vm6j0,True,False,False,False,False,[],dark,text,False,False,True,28,0,False,all_ads,/r/SeattleWA/comments/8vm6j0/mudede_alert_magnolia_is_seattles_crimeinfested/,False,6,1530564930,markdown,0,,False,False,False,SeattleWA,t5_2vbli,61202,public,default,[Mudede Alert] Magnolia is Seattle's crime-infested ghetto,https://www.thestranger.com/slog/2018/07/02/28583329/magnolia-is-seattles-crime-infested-ghetto,all_ads,6,,,,,,,,,,,
ntrepany,,[],,text,False,False,1530563503,self.SeattleWA,https://www.reddit.com/r/SeattleWA/comments/8vlzwi/has_anyone_on_this_thread_moved_to_seattle_from/,0,8vlzwi,True,False,False,True,False,[],dark,text,False,False,True,14,0,False,all_ads,/r/SeattleWA/comments/8vlzwi/has_anyone_on_this_thread_moved_to_seattle_from/,False,6,1530563503,markdown,0,,True,False,False,SeattleWA,t5_2vbli,61201,public,self,Has anyone on this thread moved to Seattle from Florida? I just moved here and I want to move back so bad... sos,https://www.reddit.com/r/SeattleWA/comments/8vlzwi/has_anyone_on_this_thread_moved_to_seattle_from/,all_ads,6,,,,,,,,,,,
meaniereddit,,[],,text,False,False,1530563255,theurbanist.org,https://www.reddit.com/r/SeattleWA/comments/8vlyo5/pour_one_out_for_the_true_victims_of_the_housing/,0,8vlyo5,True,False,False,False,False,[],dark,text,False,False,True,36,0,False,all_ads,/r/SeattleWA/comments/8vlyo5/pour_one_out_for_the_true_victims_of_the_housing/,False,6,1530563256,markdown,21,,False,False,False,SeattleWA,t5_2vbli,61201,public,default,Pour One Out for the True Victims of the Housing Crisis: Single Family Homeowners » The Urbanist,https://www.theurbanist.org/2018/07/02/pour-one-out-for-the-true-victims-of-the-housing-crisis-single-family-homeowners/,all_ads,6,,,,,,,,,,,
1ftinfrntoftheother,,[],,text,False,False,1530562275,myballard.com,https://www.reddit.com/r/SeattleWA/comments/8vltzl/california_company_buys_2_market_st_properties/,0,8vltzl,True,False,False,False,False,[],dark,text,False,False,True,8,0,False,all_ads,/r/SeattleWA/comments/8vltzl/california_company_buys_2_market_st_properties/,False,6,1530562276,markdown,11,,False,False,False,SeattleWA,t5_2vbli,61202,public,default,California company buys 2 Market St. properties,http://www.myballard.com/2018/07/02/california-company-buys-2-market-st-properties/,all_ads,6,,,,,,,,,,,
DisparateDan,,[],,text,False,False,1530561801,i.redd.it,https://www.reddit.com/r/SeattleWA/comments/8vlrow/leg_day_at_the_gym_again/,0,8vlrow,True,False,True,False,False,[],dark,text,False,False,True,35,0,False,all_ads,/r/SeattleWA/comments/8vlrow/leg_day_at_the_gym_again/,False,6,1530561802,markdown,172,,True,False,False,SeattleWA,t5_2vbli,61202,public,default,Leg day at the gym again,https://i.redd.it/po2r16ngcl711.jpg,all_ads,6,,,,,,,,,,,
geekisdead,,[],,text,False,False,1530559361,reddit.com,https://www.reddit.com/r/SeattleWA/comments/8vlg8t/average_monthly_rent_comparison_were_in_the_top/,0,8vlg8t,True,False,False,False,False,[],dark,text,False,False,True,20,0,False,all_ads,/r/SeattleWA/comments/8vlg8t/average_monthly_rent_comparison_were_in_the_top/,False,6,1530559361,markdown,35,,True,False,False,SeattleWA,t5_2vbli,61202,public,default,Average Monthly Rent Comparison - We're in the top 20! (xpost dataisbeautiful),https://www.reddit.com/r/dataisbeautiful/comments/8vh4du/average_monthly_rent_comparison_540_cities/,all_ads,6,,,,,,,,,,,
meaniereddit,,[],,text,False,False,1530558965,thestranger.com,https://www.reddit.com/r/SeattleWA/comments/8vleax/havent_seen_one_of_these_in_a_while/,0,8vleax,True,False,False,False,False,[],dark,text,False,False,True,6,0,False,all_ads,/r/SeattleWA/comments/8vleax/havent_seen_one_of_these_in_a_while/,False,6,1530558968,markdown,9,,False,False,False,SeattleWA,t5_2vbli,61202,public,default,Haven't Seen One of These In a While,https://www.thestranger.com/slog/2018/07/02/28583295/havent-seen-one-of-these-in-a-while,all_ads,6,,,,,,,,,,,
kazzmere,,[],,text,False,False,1530558535,i.redd.it,https://www.reddit.com/r/SeattleWA/comments/8vlc67/her_royal_highness_looking_glorious_from_summit/,0,8vlc67,True,False,True,False,False,[],dark,text,False,False,True,11,0,False,all_ads,/r/SeattleWA/comments/8vlc67/her_royal_highness_looking_glorious_from_summit/,False,6,1530558536,markdown,153,,True,False,False,SeattleWA,t5_2vbli,61202,public,default,Her Royal Highness looking glorious from Summit Lake,https://i.redd.it/xf13ao6s2l711.jpg,all_ads,6,,,,,,,,,,,
TheTim,,[],,text,False,False,1530552731,heraldnet.com,https://www.reddit.com/r/SeattleWA/comments/8vkiy8/plans_for_3000_luxury_condos_at_point_wells_near/,0,8vkiy8,True,False,False,False,False,[],dark,text,False,False,True,36,1,False,all_ads,/r/SeattleWA/comments/8vkiy8/plans_for_3000_luxury_condos_at_point_wells_near/,False,6,1530552732,markdown,24,,True,False,False,SeattleWA,t5_2vbli,61194,public,default,"Plans for 3,000+ luxury condos at Point Wells (near Woodway) shut down by Snohomish County",https://www.heraldnet.com/news/apparent-no-go-for-point-wells-development-near-woodway/,all_ads,6,,,,,,,,,,,
ChefJoe98136,,[],,text,False,False,1530549466,twitter.com,https://www.reddit.com/r/SeattleWA/comments/8vk2f9/wsdot_traffic_looks_out_for_lost_pupper_on_520/,0,8vk2f9,True,False,False,False,False,[],dark,text,False,False,True,9,0,False,all_ads,/r/SeattleWA/comments/8vk2f9/wsdot_traffic_looks_out_for_lost_pupper_on_520/,False,6,1530549466,markdown,31,,True,False,False,SeattleWA,t5_2vbli,61191,public,default,WSDOT Traffic looks out for lost pupper on 520,https://twitter.com/wsdot_traffic/status/1013783692441841664,all_ads,6,,,,,,,,,,,
RFC-1925,,[],,text,False,False,1530549047,capitolhillseattle.com,https://www.reddit.com/r/SeattleWA/comments/8vk09l/eyewitnesses_capitol_hills_mystery_soda_machine/,0,8vk09l,True,False,False,False,False,[],dark,text,False,False,True,13,0,False,all_ads,/r/SeattleWA/comments/8vk09l/eyewitnesses_capitol_hills_mystery_soda_machine/,False,6,1530549048,markdown,11,,True,False,False,SeattleWA,t5_2vbli,61191,public,default,"Eyewitnesses: Capitol Hill’s mystery soda machine has disappeared. Old Seattle is dead. The city is shut. It was made by those who are dead, and the dead keep it.",http://www.capitolhillseattle.com/2018/06/eyewitnesses-capitol-hills-mystery-soda-machine-has-disappeared/,all_ads,6,,,,,,,,,,,
