all_awardings,author,author_flair_css_class,author_flair_richtext,author_flair_text,author_flair_type,author_fullname,author_patreon_flair,can_mod_post,contest_mode,created_utc,domain,full_link,gildings,id,is_crosspostable,is_meta,is_original_content,is_reddit_media_domain,is_robot_indexable,is_self,is_video,link_flair_background_color,link_flair_css_class,link_flair_richtext,link_flair_text,link_flair_text_color,link_flair_type,locked,media_only,no_follow,num_comments,num_crossposts,over_18,parent_whitelist_status,permalink,pinned,pwls,retrieved_on,score,selftext,send_replies,spoiler,stickied,subreddit,subreddit_id,subreddit_subscribers,subreddit_type,thumbnail,title,total_awards_received,updated_utc,url,whitelist_status,wls,author_flair_background_color,author_flair_text_color,link_flair_template_id,post_hint,preview,thumbnail_height,thumbnail_width,media,media_embed,secure_media,secure_media_embed,crosspost_parent,crosspost_parent_list,media_metadata
[],kubrick100,,[],,text,t2_9zyfnb6,False,False,False,1561354579,i.redd.it,https://www.reddit.com/r/Seattle/comments/c4itgc/puget_sound_wall_clock/,{},c4itgc,True,False,False,True,True,False,False,,flair,"[{'e': 'text', 't': 'Media'}]",Media,dark,richtext,False,False,True,15,0,False,all_ads,/r/Seattle/comments/c4itgc/puget_sound_wall_clock/,False,6,1561354580,60,,True,False,False,Seattle,t5_2qhad,161867,public,default,Puget sound wall clock,0,1561457457,https://i.redd.it/cq7lcqs9r8631.jpg,all_ads,6,,,,,,,,,,,,,,
[],_Driver8takeabreak_,,[],,text,t2_2hi28rad,False,False,False,1561353732,i.redd.it,https://www.reddit.com/r/Seattle/comments/c4ip3t/north_wall_along_lower_pike_street_1972/,{},c4ip3t,True,False,False,True,True,False,False,,,[],,dark,text,False,False,True,16,0,False,all_ads,/r/Seattle/comments/c4ip3t/north_wall_along_lower_pike_street_1972/,False,6,1561353733,58,,True,False,False,Seattle,t5_2qhad,161862,public,default,"North wall along lower Pike Street, 1972",0,1561457399,https://i.redd.it/eskq11xno8631.jpg,all_ads,6,,,,,,,,,,,,,,
[],MiddleTowel,,[],,text,t2_3i8dyghs,False,False,False,1561353354,i.redd.it,https://www.reddit.com/r/Seattle/comments/c4in1g/decent_morel_season_so_far/,{},c4in1g,True,False,False,True,True,False,False,,flair,"[{'e': 'text', 't': 'Media'}]",Media,dark,richtext,False,False,True,6,0,False,all_ads,/r/Seattle/comments/c4in1g/decent_morel_season_so_far/,False,6,1561353355,16,,True,False,False,Seattle,t5_2qhad,161862,public,default,Decent morel season so far. ;),0,1561457370,https://i.redd.it/lmabfusln8631.jpg,all_ads,6,,,,,,,,,,,,,,
[],_Driver8takeabreak_,,[],,text,t2_2hi28rad,False,False,False,1561352964,i.redd.it,https://www.reddit.com/r/Seattle/comments/c4il08/downtown_1984/,{},c4il08,True,False,False,True,True,False,False,,flair,"[{'e': 'text', 't': 'Media'}]",Media,dark,richtext,False,False,True,0,0,False,all_ads,/r/Seattle/comments/c4il08/downtown_1984/,False,6,1561352965,38,,True,False,False,Seattle,t5_2qhad,161860,public,default,"Downtown, 1984",0,1561457344,https://i.redd.it/y5cbalbfm8631.jpg,all_ads,6,,,,,,,,,,,,,,
[],thumbelina413,,[],,text,t2_2o4nrgf,False,False,False,1561351490,self.Seattle,https://www.reddit.com/r/Seattle/comments/c4id08/loud_explosion_in_north_seattle/,{},c4id08,True,False,False,False,True,True,False,,,[],,dark,text,False,False,True,35,0,False,all_ads,/r/Seattle/comments/c4id08/loud_explosion_in_north_seattle/,False,6,1561351491,30,"I can't find any info on what's going on just yet, but about 10 minutes ago, a huge BOOM rumbled throughout our neighborhood along with a flash of light. Car alarms outside started going off. Both of my dogs ran into different rooms to hide. Anyone know what's going on/see anything up north?",True,False,False,Seattle,t5_2qhad,161854,public,self,Loud explosion in North Seattle?,0,1561457238,https://www.reddit.com/r/Seattle/comments/c4id08/loud_explosion_in_north_seattle/,all_ads,6,,,,,,,,,,,,,,
[],InfernoBA,,[],,text,t2_g37r3,False,False,False,1561351210,self.Seattle,https://www.reddit.com/r/Seattle/comments/c4ibfh/livingcommuting_options/,{},c4ibfh,True,False,False,False,True,True,False,,,[],,dark,text,False,False,True,6,0,False,all_ads,/r/Seattle/comments/c4ibfh/livingcommuting_options/,False,6,1561351212,0,"Hey everyone, sorry for yet another post by an outsider asking about commutes and all that. I've done a lot of research on my own but nothing beats the opinions of people who actually live there, of which I know no one in person :/

I've been looking at apartments in Seattle and till recently I was solely looking in the LQA/Belltown areas (my office will be by Elliot Bay Park). But someone told me they're looking at places near UW because it's cheaper and now it's got me thinking...looking at public transport routes in the morning on Google maps, the commute from the UW area seems like it'll be ~45 minutes and pretty straightforward (i.e. no getting off till I'm at my destination). This is tempting me to start looking at places a little further out. I guess my only issue is will commuting actually be as easy as it seems? My employer will reimburse my ORCA card (still need to learn more about those haha) which I think also works on buses, so everything seems to be in order...

I guess what I'm asking is how feasible is to live near UW and commute to/near downtown Seattle? Does anyone here do it right now?

Thanks for all the help!",True,False,False,Seattle,t5_2qhad,161854,public,self,Living/commuting options,0,1561457217,https://www.reddit.com/r/Seattle/comments/c4ibfh/livingcommuting_options/,all_ads,6,,,,,,,,,,,,,,
[],PariahSilver,flair,"[{'e': 'text', 't': 'Capitol Hill'}]",Capitol Hill,richtext,t2_68wf1,False,False,False,1561348047,self.Seattle,https://www.reddit.com/r/Seattle/comments/c4htk7/slight_emergency_anyone_with_a_truck_or_van_able/,{},c4htk7,True,False,False,False,True,True,False,,moving,"[{'e': 'text', 't': 'Moving / Visiting'}]",Moving / Visiting,dark,richtext,False,False,True,14,0,False,all_ads,/r/Seattle/comments/c4htk7/slight_emergency_anyone_with_a_truck_or_van_able/,False,6,1561348048,0,"I'm moving from U District to Cap Hill, and my friend who has a van is no longer an option. So I'm left in the lurch, with all my stuff here, and I have to move tomorrow.

I'm happy to buy beer and pizza, and I may have another friend coming to help, but I don't have any vehicle to carry all my shit.",True,False,False,Seattle,t5_2qhad,161844,public,self,Slight emergency. Anyone with a truck or van able to help me move tomorrow?,0,1561456983,https://www.reddit.com/r/Seattle/comments/c4htk7/slight_emergency_anyone_with_a_truck_or_van_able/,all_ads,6,,dark,e210a192-4a63-11e8-839c-0e70be2d8a82,,,,,,,,,,,
[],_Driver8takeabreak_,,[],,text,t2_2hi28rad,False,False,False,1561346527,i.redd.it,https://www.reddit.com/r/Seattle/comments/c4hks1/view_from_queen_anne_april_20_1962/,{},c4hks1,True,False,False,True,True,False,False,,flair,"[{'e': 'text', 't': 'Media'}]",Media,dark,richtext,False,False,True,13,0,False,all_ads,/r/Seattle/comments/c4hks1/view_from_queen_anne_april_20_1962/,False,6,1561346529,206,,True,False,False,Seattle,t5_2qhad,161837,public,default,"View from Queen Anne: April 20, 1962",0,1561456868,https://i.redd.it/jwlfxb8438631.png,all_ads,6,,,,,,,,,,,,,,
[],Kobefortrashcan,,[],,text,t2_3w009eq9,False,False,False,1561343099,self.Seattle,https://www.reddit.com/r/Seattle/comments/c4h0cx/any_seattle_based_management_consultants/,{},c4h0cx,True,False,False,False,True,True,False,,,[],,dark,text,False,False,True,3,0,False,all_ads,/r/Seattle/comments/c4h0cx/any_seattle_based_management_consultants/,False,6,1561343100,0,"Hey everyone, I'm moving back home from a college in Midwest to Seattle to start a strategy consulting job at a large consulting firm, and most likely will travel for 70% of my projects. Do any other Seattle-based consultants have any advice on where to live, which airlines to prioritize, and any other tips and tricks to enjoying Seattle?

I grew up on the east side, and I am debating between easy access to the office for Fridays, easy access to SeaTac (I heard something about the light rail), or living in places like Bellevue or Redmond since I don't love living in the city and city rents.",True,False,False,Seattle,t5_2qhad,161821,public,self,Any Seattle based Management Consultants?,0,1561456584,https://www.reddit.com/r/Seattle/comments/c4h0cx/any_seattle_based_management_consultants/,all_ads,6,,,,,,,,,,,,,,
[],Gil-Aegerter,,[],,text,t2_n6ksy,False,False,False,1561342352,kuow.org,https://www.reddit.com/r/Seattle/comments/c4gvvn/seattle_rabbits_are_breeding_like_rabbits/,{},c4gvvn,True,False,False,False,True,False,False,,,[],,dark,text,False,False,True,2,0,False,all_ads,/r/Seattle/comments/c4gvvn/seattle_rabbits_are_breeding_like_rabbits/,False,6,1561342353,10,,False,False,False,Seattle,t5_2qhad,161820,public,default,Seattle rabbits are breeding like ... rabbits,0,1561456525,https://kuow.org/stories/seattle-rabbits-are-breeding-like-well-rabbits,all_ads,6,,,,,,,,,,,,,,
[],seriouslybrohuh,,[],,text,t2_idvmo,False,False,False,1561341615,self.Seattle,https://www.reddit.com/r/Seattle/comments/c4gr87/one_bedroom_apartments_that_are_under_1900/,{},c4gr87,True,False,False,False,True,True,False,,,[],,dark,text,False,False,True,18,0,False,all_ads,/r/Seattle/comments/c4gr87/one_bedroom_apartments_that_are_under_1900/,False,6,1561341617,0,"I am looking for apartments that are within $1800-1900, and am not sure which neighborhoods are safe to live in. My job will be in downtown so I would prefer to live somewhere close.

Everyone suggests capitol hill, but seems like the apartments there are too expensive for me. Any suggestions will be highly appreciated",True,False,False,Seattle,t5_2qhad,161818,public,self,One bedroom apartments that are under $1900?,0,1561456465,https://www.reddit.com/r/Seattle/comments/c4gr87/one_bedroom_apartments_that_are_under_1900/,all_ads,6,,,,,,,,,,,,,,
[],LariatCreative,,[],,text,t2_kljlm,False,False,False,1561341101,i.redd.it,https://www.reddit.com/r/Seattle/comments/c4gnxf/the_seattle_times_calls_for_a_city_flag_redesign/,{},c4gnxf,True,False,False,True,True,False,False,,flair,"[{'e': 'text', 't': 'Media'}]",Media,dark,richtext,False,False,True,188,0,False,all_ads,/r/Seattle/comments/c4gnxf/the_seattle_times_calls_for_a_city_flag_redesign/,False,6,1561341102,780,,True,False,False,Seattle,t5_2qhad,161817,public,default,"The Seattle Times calls for a city flag redesign, this is my submission:",0,1561456421,https://i.redd.it/m1ans9c3n7631.jpg,all_ads,6,,,,,,,,,,,,,,
[],_Driver8takeabreak_,,[],,text,t2_2hi28rad,False,False,False,1561339709,i.redd.it,https://www.reddit.com/r/Seattle/comments/c4gb3m/kingdome_and_downtown_1981/,{},c4gb3m,True,False,False,True,True,False,False,,flair,"[{'e': 'text', 't': 'Media'}]",Media,dark,richtext,False,False,True,1,0,False,all_ads,/r/Seattle/comments/c4gb3m/kingdome_and_downtown_1981/,False,6,1561339710,22,,True,False,False,Seattle,t5_2qhad,161811,public,https://b.thumbs.redditmedia.com/4nhLnwJydCPuMn_3aT5f5KpF1_jbvfw7fVcUB0VzGQE.jpg,"Kingdome and downtown, 1981",0,1561456260,https://i.redd.it/c2807eesi7631.jpg,all_ads,6,,,,image,"{'enabled': True, 'images': [{'id': '9ApzJMtPrfkmNQhIXKfmsgME-eSSzACG9ZoXmBGCOY4', 'resolutions': [{'height': 71, 'url': 'https://preview.redd.it/c2807eesi7631.jpg?width=108&amp;crop=smart&amp;auto=webp&amp;s=d994489c098e8ceacdaccb959f759b8eb4c017d9', 'width': 108}, {'height': 143, 'url': 'https://preview.redd.it/c2807eesi7631.jpg?width=216&amp;crop=smart&amp;auto=webp&amp;s=51512c0e177ca1ef3d46c8b7091a83051a2a0a47', 'width': 216}, {'height': 212, 'url': 'https://preview.redd.it/c2807eesi7631.jpg?width=320&amp;crop=smart&amp;auto=webp&amp;s=4f174c71adbb1a717367ea65a4dc206504844bc3', 'width': 320}, {'height': 424, 'url': 'https://preview.redd.it/c2807eesi7631.jpg?width=640&amp;crop=smart&amp;auto=webp&amp;s=7bbef30f42248c35ae423984badb51aaab13d1d2', 'width': 640}, {'height': 636, 'url': 'https://preview.redd.it/c2807eesi7631.jpg?width=960&amp;crop=smart&amp;auto=webp&amp;s=9b6fd5bb0edede3694cb67d0340d8b9ee63f468a', 'width': 960}, {'height': 716, 'url': 'https://preview.redd.it/c2807eesi7631.jpg?width=1080&amp;crop=smart&amp;auto=webp&amp;s=0d05a3e34a469e0b1054114ca616df2e4691f4ff', 'width': 1080}], 'source': {'height': 1935, 'url': 'https://preview.redd.it/c2807eesi7631.jpg?auto=webp&amp;s=acb27003350dcc921fe8eab162cb08a635c47ab2', 'width': 2917}, 'variants': {}}]}",92.0,140.0,,,,,,,
[],_Driver8takeabreak_,,[],,text,t2_2hi28rad,False,False,False,1561339556,i.redd.it,https://www.reddit.com/r/Seattle/comments/c4g9po/view_of_downtown_from_capitol_hill_circa_early_70s/,{},c4g9po,True,False,False,True,True,False,False,,flair,"[{'e': 'text', 't': 'Media'}]",Media,dark,richtext,False,False,True,1,0,False,all_ads,/r/Seattle/comments/c4g9po/view_of_downtown_from_capitol_hill_circa_early_70s/,False,6,1561339557,104,,True,False,False,Seattle,t5_2qhad,161811,public,default,"View of downtown from Capitol Hill, circa early 70s",0,1561456242,https://i.redd.it/wbp95y99i7631.png,all_ads,6,,,,,,,,,,,,,,
[],_Driver8takeabreak_,,[],,text,t2_2hi28rad,False,False,False,1561336680,i.redd.it,https://www.reddit.com/r/Seattle/comments/c4fikz/viaduct_1984/,{},c4fikz,True,False,False,True,True,False,False,,flair,"[{'e': 'text', 't': 'Media'}]",Media,dark,richtext,False,False,True,12,0,False,all_ads,/r/Seattle/comments/c4fikz/viaduct_1984/,False,6,1561336681,82,,True,False,False,Seattle,t5_2qhad,161805,public,default,"Viaduct, 1984",0,1561455874,https://i.redd.it/v1jf1lmp97631.jpg,all_ads,6,,,,,,,,,,,,,,
[],networknewjack,,[],,text,t2_gouqf,False,False,False,1561333913,self.Seattle,https://www.reddit.com/r/Seattle/comments/c4era4/singing_lesson_recommendations/,{},c4era4,True,False,False,False,True,True,False,,,[],,dark,text,False,False,True,1,0,False,all_ads,/r/Seattle/comments/c4era4/singing_lesson_recommendations/,False,6,1561333914,2,"I'm looking for a good voice coach that doesnt focus on kids. Somebody experienced with adults. Does anybody here have recommendations? Amd I'm aware there is a weekly thread, but its left me blank every time I've tried there.",True,False,False,Seattle,t5_2qhad,161800,public,self,Singing lesson recommendations?,0,1561455521,https://www.reddit.com/r/Seattle/comments/c4era4/singing_lesson_recommendations/,all_ads,6,,,,,,,,,,,,,,
[],tinksaysboo,,[],,text,t2_6crel,False,False,False,1561331351,self.Seattle,https://www.reddit.com/r/Seattle/comments/c4e1pv/psa_bike_ride_share_users/,{},c4e1pv,True,False,False,False,True,True,False,,,[],,dark,text,False,False,True,9,0,False,all_ads,/r/Seattle/comments/c4e1pv/psa_bike_ride_share_users/,False,6,1561331353,60,Wipe off seats of ride share bikes before you use them.  There were totally bare balls on bare seats of the Lime and Jump bikes during the Naked Bike Ride yesterday ü§¢ üòÇ,True,False,False,Seattle,t5_2qhad,161794,public,self,PSA: Bike Ride Share Users,0,1561455201,https://www.reddit.com/r/Seattle/comments/c4e1pv/psa_bike_ride_share_users/,all_ads,6,,,,,,,,,,,,,,
[],BrianBosche,,[],,text,t2_fnosp,False,False,False,1561330731,i.redd.it,https://www.reddit.com/r/Seattle/comments/c4dvgt/the_reign_man_shawn_kemp_bringing_my_favorite/,{},c4dvgt,True,False,False,True,True,False,False,,flair,"[{'e': 'text', 't': 'Media'}]",Media,dark,richtext,False,False,True,0,0,False,all_ads,/r/Seattle/comments/c4dvgt/the_reign_man_shawn_kemp_bringing_my_favorite/,False,6,1561330732,65,,True,False,False,Seattle,t5_2qhad,161794,public,default,The ‚ÄúReign Man‚Äù Shawn Kemp. Bringing my favorite Seattle basketball card and court together.,0,1561455122,https://i.redd.it/lqij4asbs6631.jpg,all_ads,6,,,,,,,,,,,,,,
[],LimpRemote,,[],,text,t2_km0c2jz,False,False,False,1561326195,self.Seattle,https://www.reddit.com/r/Seattle/comments/c4ckam/monday_capitol_hill_board_game_night_730_pm_at/,{},c4ckam,True,False,False,False,True,True,False,,flair,"[{'e': 'text', 't': 'Meetup'}]",Meetup,dark,richtext,False,False,True,0,0,False,all_ads,/r/Seattle/comments/c4ckam/monday_capitol_hill_board_game_night_730_pm_at/,False,6,1561326196,0,"Hello everyone! Welcome back to our weekly meetup, 7:30 PM at Elysian Brewery, Pike &amp; 13th! We're in the back, downstairs.

We usually have 15-30 people, and end by 10 or 11. Elysian doesn't close until midnight though so if you like to play late, some of us (like me) might be down.

Start time is actually more like 7:15, people tend to show up then to order food, chat, etc. *Note: there may not be games visible at this time. Do not be alarmed.* Also if you have a particular game you want to make sure gets played, especially a long game, it's best to show up then and acquire players.

All varieties of people are welcome! So long as you're twenty-one or older, we welcome everyone who wants to enjoy gaming in good company, regardless of gender, race, or level of gaming experience! We play strategic games and social/party games, and everything in between. I bring some games, which you are free to use, or bring other games you want to play.

*Please order something, even if it's just one beverage or snack. Elysian is a public bar/restaurant, which has been very accommodating to our meetup needs, and we need to respect their business needs.*

---
FAQ

Q: *Does this happen every week?*  

A: Yes, except for some major holidays, or when The Elysian is closed. I will make a cancellation post in either of those cases.

Q: *Do I have to bring games?*  

A: Nope! You're welcome to, but feel free to play the games that others and I have brought.

Q: *Is this always at The Elysian?*  

A: Yes. We've moved around a bit over the years, and Elysian was the best (only?) option for the latest move a few years ago. If you have a different venue in mind, let me know, and I will personally investigate. Keep in mind that we do have very particular needs^(1). Only Capitol Hill venues will be considered, there are other meetups for other areas.

Q: *Should I order at the bar?*  

A: Please don't, we have waiter service, and it's already confusing enough with how much we move around the tables.

Q: *Will I be welcome there?*  

A: Yes, in all likelihood. We take weirdos, normals, all kinds. Just don't be an asshole.

Q: *Can minors attend?*  

A: No, Elysian is 21+ only.

---
^(1) *We have variable attendance, 15-30. We move to different tables a lot. We need wide tables for game boards. We need separate checks. Some people are there for 3 hours and only order 1 iced tea. We want semi-reasonably priced food and drinks.*",True,False,False,Seattle,t5_2qhad,161785,public,self,Monday Capitol Hill Board Game Night: 7:30 pm at The Elysian,0,1561454464,https://www.reddit.com/r/Seattle/comments/c4ckam/monday_capitol_hill_board_game_night_730_pm_at/,all_ads,6,,,,,,,,,,,,,,
[],rollerlolipop,,[],,text,t2_dxcqnmr,False,False,False,1561326192,self.Seattle,https://www.reddit.com/r/Seattle/comments/c4ck9j/bainbridge_is_not_doing_fireworks_this_year_where/,{},c4ck9j,True,False,False,False,True,True,False,,flair,"[{'e': 'text', 't': 'Question'}]",Question,dark,richtext,False,False,True,6,0,False,all_ads,/r/Seattle/comments/c4ck9j/bainbridge_is_not_doing_fireworks_this_year_where/,False,6,1561326193,5,"Hi, my friend and I are looking for a place to watch fireworks on july 4th. We wanted to go to bainbridge for the day and stay for the fireworks and drone show but apparently they cancelled it this year :/ What's a good place to watch fireworks in seattle this year that's not gas works park or lake union park (they charge 20 dollars for GA..).",True,False,False,Seattle,t5_2qhad,161785,public,self,"Bainbridge is not doing fireworks this year, where to watch fireworks on july 4th?",0,1561454463,https://www.reddit.com/r/Seattle/comments/c4ck9j/bainbridge_is_not_doing_fireworks_this_year_where/,all_ads,6,,,9b95cc16-44bf-11e6-aba4-0e42ab5b9d91,,,,,,,,,,,
[],6MMDollarMan,,[],,text,t2_139rs6,False,False,False,1561325817,i.redd.it,https://www.reddit.com/r/Seattle/comments/c4cg6m/this_is_not_a_pizza_place_mod_pizza_est_2019/,{},c4cg6m,True,False,False,True,True,False,False,,flair,"[{'e': 'text', 't': 'Media'}]",Media,dark,richtext,False,False,True,9,0,False,all_ads,/r/Seattle/comments/c4cg6m/this_is_not_a_pizza_place_mod_pizza_est_2019/,False,6,1561325818,0,,True,False,False,Seattle,t5_2qhad,161784,public,default,"""THIS IS NOT A PIZZA PLACE""- Mod Pizza Est 2019 Fremont Seattle, Washington.",0,1561454411,https://i.redd.it/9o81l9qpd6631.jpg,all_ads,6,,,cba61046-412a-11e8-8b48-0e90cbddd944,,,,,,,,,,,
[],ProbablyStudying1,,[],,text,t2_108tbgcl,False,False,False,1561319697,self.Seattle,https://www.reddit.com/r/Seattle/comments/c4an11/anything_to_do_next_weekend/,{},c4an11,True,False,False,False,True,True,False,,moving,"[{'e': 'text', 't': 'Moving / Visiting'}]",Moving / Visiting,dark,richtext,False,False,True,2,0,False,all_ads,/r/Seattle/comments/c4an11/anything_to_do_next_weekend/,False,6,1561319699,0,"Hey! I'm visiting Seattle next weekend (29th to 1st) for the first time. 

Do you know any fun events happening? Would really appreciate any recommendations!",True,False,False,Seattle,t5_2qhad,161772,public,self,Anything to do next weekend?,0,1561453541,https://www.reddit.com/r/Seattle/comments/c4an11/anything_to_do_next_weekend/,all_ads,6,,,,,,,,,,,,,,
[],-pilot37-,,[],,text,t2_2wsut8b4,False,False,False,1561318504,self.Seattle,https://www.reddit.com/r/Seattle/comments/c4aaf2/there_is_now_a_subreddit_dedicated_to_finding_the/,{},c4aaf2,True,False,False,False,True,True,False,,,[],,dark,text,False,False,True,2,0,False,all_ads,/r/Seattle/comments/c4aaf2/there_is_now_a_subreddit_dedicated_to_finding_the/,False,6,1561318506,112,"If anyone finds it, take a picture and be sure to post it to r/businessfish!",True,False,False,Seattle,t5_2qhad,161769,public,self,There is now a subreddit dedicated to finding the little brass fish with a suitcase in the floor of Concourse B in Seattle-Tacoma International Airport.,0,1561453381,https://www.reddit.com/r/Seattle/comments/c4aaf2/there_is_now_a_subreddit_dedicated_to_finding_the/,all_ads,6,,,,,,,,,,,,,,
[],SlimyGrimySimon,,[],,text,t2_1cudgw7e,False,False,False,1561318359,self.Seattle,https://www.reddit.com/r/Seattle/comments/c4a8vn/is_there_a_monthly_bus_pass_available/,{},c4a8vn,True,False,False,False,True,True,False,,,[],,dark,text,False,False,True,12,0,False,all_ads,/r/Seattle/comments/c4a8vn/is_there_a_monthly_bus_pass_available/,False,6,1561318360,17,"I need a bus pass for the summer, but the orca site is very confusing. I can buy a PugetPass(?) For $99 since I pay $2.75 per ride, does that give me unlimited rides for the month or what? I just don't want to have to pay $6 a day for work. Very confused.",True,False,False,Seattle,t5_2qhad,161768,public,self,Is there a monthly bus pass available?,0,1561453362,https://www.reddit.com/r/Seattle/comments/c4a8vn/is_there_a_monthly_bus_pass_available/,all_ads,6,,,,,,,,,,,,,,
[],HarryDoerr,,[],,text,t2_wqjvl,False,False,False,1561317276,self.Seattle,https://www.reddit.com/r/Seattle/comments/c49xpp/scavenger_hunt_for_cash_in_seattle/,{},c49xpp,True,False,False,False,True,True,False,,,[],,dark,text,False,False,True,0,0,False,all_ads,/r/Seattle/comments/c49xpp/scavenger_hunt_for_cash_in_seattle/,False,6,1561317277,1,"Hello! My friend u/blockchainvault and I made a game called Scavenger. We‚Äôre running a hunt in Seattle if you‚Äôd like to go out and play! The prize is $100, and we‚Äôd love any and all feedback. You can download it at https://scvg.app/dl/gg7P

This is not intended to be an advertisement, sorry if it appears that way!",True,False,False,Seattle,t5_2qhad,161763,public,self,Scavenger hunt for cash in Seattle!,0,1561453222,https://www.reddit.com/r/Seattle/comments/c49xpp/scavenger_hunt_for_cash_in_seattle/,all_ads,6,,,,,,,,,,,,,,
[],Aksyel,,[],,text,t2_acaur,False,False,False,1561316201,self.Seattle,https://www.reddit.com/r/Seattle/comments/c49mek/any_edm_producers_want_to_meet_up/,{},c49mek,True,False,False,False,True,True,False,,,[],,dark,text,False,False,True,4,0,False,all_ads,/r/Seattle/comments/c49mek/any_edm_producers_want_to_meet_up/,False,6,1561316203,0,"Hey guys!

I just moved to Seattle for the summer and really want to meet producers here! I‚Äôd love to share ideas or work together!",True,False,False,Seattle,t5_2qhad,161765,public,self,Any EDM producers want to meet up?,0,1561453051,https://www.reddit.com/r/Seattle/comments/c49mek/any_edm_producers_want_to_meet_up/,all_ads,6,,,,,,,,,,,,,,
[],MergeMerch,,[],,text,t2_3qfyy62j,False,False,False,1561315786,self.Seattle,https://www.reddit.com/r/Seattle/comments/c49hze/visiting_woodinville_in_august_recommendations/,{},c49hze,True,False,False,False,True,True,False,,,[],,dark,text,False,False,True,2,0,False,all_ads,/r/Seattle/comments/c49hze/visiting_woodinville_in_august_recommendations/,False,6,1561315787,0,"Hello everyone, my GF and I will be staying several days in Woodinville in August.  We would also like to visit downtown Seattle.  Any recommendations?  We would like to see Pike Place Market.  Open to suggestions like coffee spots, restaurants on the water, or anything else.  Thank you for taking the time to read this!",True,False,False,Seattle,t5_2qhad,161765,public,self,"Visiting Woodinville in August, recommendations for downtown Seattle?",0,1561452996,https://www.reddit.com/r/Seattle/comments/c49hze/visiting_woodinville_in_august_recommendations/,all_ads,6,,,,,,,,,,,,,,
[],warcrown,,[],,text,t2_bzd51,False,False,False,1561314198,self.Seattle,https://www.reddit.com/r/Seattle/comments/c491e5/hiring_immediately_full_time_summer_event_stafff/,{},c491e5,True,False,False,False,True,True,False,,,[],,dark,text,False,False,True,0,0,False,all_ads,/r/Seattle/comments/c491e5/hiring_immediately_full_time_summer_event_stafff/,False,6,1561314200,1,"Hey All,

Do you like working outside? Do you like kids?
I am hiring for full time event staff at National Event Pros. We do corporate and private parties. Think bounce house rental. We need setup and teardown staff as well as people to attend events.

Starting at 12-13/hr, with regular overtime available.
Hiring immediately! Get a hold of me via:

email: anthony@nationaleventpros.com

Reddit: message me

Or come to the office at 19320 Des Moines Memorial Drive S, suite D100

Hiring asap! As in this week!

Great summer job for students!",True,False,False,Seattle,t5_2qhad,161761,public,self,Hiring Immediately! Full Time Summer Event Stafff,0,1561452788,https://www.reddit.com/r/Seattle/comments/c491e5/hiring_immediately_full_time_summer_event_stafff/,all_ads,6,,,,,,,,,,,,,,
[],Wsinklar,,[],,text,t2_3gex0dk3,False,False,False,1561313573,self.Seattle,https://www.reddit.com/r/Seattle/comments/c48uvf/need_a_roommate_moving_from_florida/,{},c48uvf,True,False,False,False,True,True,False,,,[],,dark,text,False,False,True,1,0,False,all_ads,/r/Seattle/comments/c48uvf/need_a_roommate_moving_from_florida/,False,6,1561313574,0,"So I just accepted a transfer from south Florida to  Bellevue, obv I'm not going to live in Bellevue, too expensive. Without giving out too much info publically it's a maintenance position, pays $20/h.
Anybody here need a roommate? Live in handyman.",True,False,False,Seattle,t5_2qhad,161760,public,self,"Need a roommate, moving from Florida",0,1561452706,https://www.reddit.com/r/Seattle/comments/c48uvf/need_a_roommate_moving_from_florida/,all_ads,6,,,,,,,,,,,,,,
[],girthytaquito,,[],,text,t2_t9xls,False,False,False,1561313178,self.Seattle,https://www.reddit.com/r/Seattle/comments/c48qok/where_roughly_do_you_live_where_do_you_get/,{},c48qok,True,False,False,False,True,True,False,,,[],,dark,text,False,False,True,23,0,False,all_ads,/r/Seattle/comments/c48qok/where_roughly_do_you_live_where_do_you_get/,False,6,1561313180,0,,True,False,False,Seattle,t5_2qhad,161760,public,self,Where roughly do you live? Where do you get groceries? And why?,0,1561452654,https://www.reddit.com/r/Seattle/comments/c48qok/where_roughly_do_you_live_where_do_you_get/,all_ads,6,,,,,,,,,,,,,,
[],deftones_lover,,[],,text,t2_3f7f8bo6,False,False,False,1561312558,self.Seattle,https://www.reddit.com/r/Seattle/comments/c48kb8/do_any_dispensaries_take_credit_card/,{},c48kb8,True,False,False,False,True,True,False,,,[],,dark,text,False,False,True,13,0,False,all_ads,/r/Seattle/comments/c48kb8/do_any_dispensaries_take_credit_card/,False,6,1561312559,2,Im looking for cannabis but dont have any cash only credit,True,False,False,Seattle,t5_2qhad,161758,public,self,Do any dispensaries take credit card?,0,1561452550,https://www.reddit.com/r/Seattle/comments/c48kb8/do_any_dispensaries_take_credit_card/,all_ads,6,,,,,,,,,,,,,,
[],forpartha,,[],,text,t2_10xy8s,False,False,False,1561308273,i.redd.it,https://www.reddit.com/r/Seattle/comments/c47hhk/the_international_fountain_at_the_seattle_center/,{},c47hhk,True,False,False,True,True,False,False,,flair,"[{'e': 'text', 't': 'Media'}]",Media,dark,richtext,False,False,True,8,0,False,all_ads,/r/Seattle/comments/c47hhk/the_international_fountain_at_the_seattle_center/,False,6,1561308274,161,,True,False,False,Seattle,t5_2qhad,161749,public,default,the International Fountain at the Seattle Center in the first summer weekend,0,1561452060,https://i.redd.it/nap2p7fkx4631.jpg,all_ads,6,,,,,,,,,,,,,,
[],RitaRudzinsky,,[],,text,t2_lp0t6,False,False,False,1561307151,mynorthwest.com,https://www.reddit.com/r/Seattle/comments/c477ck/nudity_in_seattle_is_not_illegal/,{},c477ck,False,False,False,False,False,False,False,,,[],,dark,text,False,False,True,0,0,False,all_ads,/r/Seattle/comments/c477ck/nudity_in_seattle_is_not_illegal/,False,6,1561307153,1,,True,False,False,Seattle,t5_2qhad,161747,public,https://b.thumbs.redditmedia.com/PLC15zIUI6NBXAOIQ3s2En5JeaN9q0q_hvT5A7xlE8Y.jpg,Nudity in Seattle is not illegal,0,1561451909,https://mynorthwest.com/666252/nudity-in-seattle-is-not-illegal/,all_ads,6,,,,link,"{'enabled': False, 'images': [{'id': 'fFbXfT5nC-bqqxra-Q4tPBFaYXsSRKqJLY71TpL4iTs', 'resolutions': [{'height': 64, 'url': 'https://external-preview.redd.it/agGBdYyuSXYOkHg9gtPh3ikdElZzo_SCJw9_3m4kS9U.jpg?width=108&amp;crop=smart&amp;auto=webp&amp;s=e3531861c8ccc257afe96f4e29176c0c2bf434f3', 'width': 108}, {'height': 128, 'url': 'https://external-preview.redd.it/agGBdYyuSXYOkHg9gtPh3ikdElZzo_SCJw9_3m4kS9U.jpg?width=216&amp;crop=smart&amp;auto=webp&amp;s=918c4a77bc2fedb7b0488fb3f907930f4af275c7', 'width': 216}, {'height': 190, 'url': 'https://external-preview.redd.it/agGBdYyuSXYOkHg9gtPh3ikdElZzo_SCJw9_3m4kS9U.jpg?width=320&amp;crop=smart&amp;auto=webp&amp;s=99715f2450527325ce6f2960209683b8f50b027a', 'width': 320}], 'source': {'height': 370, 'url': 'https://external-preview.redd.it/agGBdYyuSXYOkHg9gtPh3ikdElZzo_SCJw9_3m4kS9U.jpg?auto=webp&amp;s=b8d691d506feb36658e715a6be7a1d54e7f62852', 'width': 620}, 'variants': {}}]}",83.0,140.0,,,,,,,
[],Earthquakes1906,,[],,text,t2_1a7hx9io,False,False,False,1561306543,i.redd.it,https://www.reddit.com/r/Seattle/comments/c47225/marymoore_is_lit/,{},c47225,True,False,False,True,True,False,False,,flair,"[{'e': 'text', 't': 'Media'}]",Media,dark,richtext,False,False,True,7,0,False,all_ads,/r/Seattle/comments/c47225/marymoore_is_lit/,False,6,1561306544,51,,True,False,False,Seattle,t5_2qhad,161747,public,default,Marymoore is lit!,0,1561451842,https://i.redd.it/caunuhofs4631.jpg,all_ads,6,,,cba61046-412a-11e8-8b48-0e90cbddd944,,,,,,,,,,,
[],Earthquakes1906,,[],,text,t2_1a7hx9io,False,False,False,1561306364,i.redd.it,https://www.reddit.com/r/Seattle/comments/c470fj/mary_moore_is_lit/,{},c470fj,True,False,False,True,True,False,False,,flair,"[{'e': 'text', 't': 'Media'}]",Media,dark,richtext,False,False,True,0,0,False,all_ads,/r/Seattle/comments/c470fj/mary_moore_is_lit/,False,6,1561306365,2,,True,False,False,Seattle,t5_2qhad,161747,public,default,Mary Moore is lit!,0,1561451821,https://i.redd.it/3e8wqrdwr4631.jpg,all_ads,6,,,cba61046-412a-11e8-8b48-0e90cbddd944,,,,,,,,,,,
[],rotwangg,,[],,text,t2_b66ag,False,False,False,1561305767,youtu.be,https://www.reddit.com/r/Seattle/comments/c46v29/seattle_is_dead_video_recaps_last_weeks/,{},c46v29,True,False,False,False,True,False,False,,flair,"[{'e': 'text', 't': 'Media'}]",Media,dark,richtext,False,False,True,38,0,False,all_ads,/r/Seattle/comments/c46v29/seattle_is_dead_video_recaps_last_weeks/,False,6,1561305768,0,,True,False,False,Seattle,t5_2qhad,161746,public,https://a.thumbs.redditmedia.com/c78Bx2kXQ1ZfFiaxqZDRNbJAs78IFylKOPUPi-lRlK8.jpg,‚ÄúSeattle is Dead‚Äù Video recaps last week‚Äôs contentious public panel on homelessness,0,1561451754,https://youtu.be/xhkVtBOIRHI,all_ads,6,,,,rich:video,"{'enabled': False, 'images': [{'id': 'Rx834EJaThF_AOus55L6NXHu-fu4t6CQoCCpvZbLy8s', 'resolutions': [{'height': 81, 'url': 'https://external-preview.redd.it/PFqFJijW8VGMJ1uuRp_plU2PzRM7USA8lQpujyub7ag.jpg?width=108&amp;crop=smart&amp;auto=webp&amp;s=e4f13e62356588a1bd264b43abf9a5c8a701b2b7', 'width': 108}, {'height': 162, 'url': 'https://external-preview.redd.it/PFqFJijW8VGMJ1uuRp_plU2PzRM7USA8lQpujyub7ag.jpg?width=216&amp;crop=smart&amp;auto=webp&amp;s=736bf652b4e9a3ea0a3fbe03f9d7ce9ff84dbca7', 'width': 216}, {'height': 240, 'url': 'https://external-preview.redd.it/PFqFJijW8VGMJ1uuRp_plU2PzRM7USA8lQpujyub7ag.jpg?width=320&amp;crop=smart&amp;auto=webp&amp;s=c9981c116f059d7eb706bf0f2513a014e4c95d60', 'width': 320}], 'source': {'height': 360, 'url': 'https://external-preview.redd.it/PFqFJijW8VGMJ1uuRp_plU2PzRM7USA8lQpujyub7ag.jpg?auto=webp&amp;s=b1c63913297a9daa171c6a5887e8dad0eb714da9', 'width': 480}, 'variants': {}}]}",105.0,140.0,"{'oembed': {'author_name': 'Gregg Zart', 'author_url': 'https://www.youtube.com/user/greggzart', 'height': 338, 'html': '&lt;iframe width=""600"" height=""338"" src=""https://www.youtube.com/embed/xhkVtBOIRHI?feature=oembed&amp;enablejsapi=1"" frameborder=""0"" allow=""accelerometer; autoplay; encrypted-media; gyroscope; picture-in-picture"" allowfullscreen&gt;&lt;/iframe&gt;', 'provider_name': 'YouTube', 'provider_url': 'https://www.youtube.com/', 'thumbnail_height': 360, 'thumbnail_url': 'https://i.ytimg.com/vi/xhkVtBOIRHI/hqdefault.jpg', 'thumbnail_width': 480, 'title': 'R.I.P. Seattle! Chaos at UW Homeless Forum (6-18-2019)', 'type': 'video', 'version': '1.0', 'width': 600}, 'type': 'youtube.com'}","{'content': '&lt;iframe width=""600"" height=""338"" src=""https://www.youtube.com/embed/xhkVtBOIRHI?feature=oembed&amp;enablejsapi=1"" frameborder=""0"" allow=""accelerometer; autoplay; encrypted-media; gyroscope; picture-in-picture"" allowfullscreen&gt;&lt;/iframe&gt;', 'height': 338, 'scrolling': False, 'width': 600}","{'oembed': {'author_name': 'Gregg Zart', 'author_url': 'https://www.youtube.com/user/greggzart', 'height': 338, 'html': '&lt;iframe width=""600"" height=""338"" src=""https://www.youtube.com/embed/xhkVtBOIRHI?feature=oembed&amp;enablejsapi=1"" frameborder=""0"" allow=""accelerometer; autoplay; encrypted-media; gyroscope; picture-in-picture"" allowfullscreen&gt;&lt;/iframe&gt;', 'provider_name': 'YouTube', 'provider_url': 'https://www.youtube.com/', 'thumbnail_height': 360, 'thumbnail_url': 'https://i.ytimg.com/vi/xhkVtBOIRHI/hqdefault.jpg', 'thumbnail_width': 480, 'title': 'R.I.P. Seattle! Chaos at UW Homeless Forum (6-18-2019)', 'type': 'video', 'version': '1.0', 'width': 600}, 'type': 'youtube.com'}","{'content': '&lt;iframe width=""600"" height=""338"" src=""https://www.youtube.com/embed/xhkVtBOIRHI?feature=oembed&amp;enablejsapi=1"" frameborder=""0"" allow=""accelerometer; autoplay; encrypted-media; gyroscope; picture-in-picture"" allowfullscreen&gt;&lt;/iframe&gt;', 'height': 338, 'media_domain_url': 'https://www.redditmedia.com/mediaembed/c46v29', 'scrolling': False, 'width': 600}",,,
[],_Driver8takeabreak_,,[],,text,t2_2hi28rad,False,False,False,1561304248,i.redd.it,https://www.reddit.com/r/Seattle/comments/c46hkn/southbound_i5_spring_1976/,{},c46hkn,True,False,False,True,True,False,False,,flair,"[{'e': 'text', 't': 'Media'}]",Media,dark,richtext,False,False,True,34,0,False,all_ads,/r/Seattle/comments/c46hkn/southbound_i5_spring_1976/,False,6,1561304249,728,,True,False,False,Seattle,t5_2qhad,161741,public,default,"Southbound I-5, Spring 1976",0,1561451581,https://i.redd.it/ejr3gpl9l4631.jpg,all_ads,6,,,,,,,,,,,,,,
[],suckstartaleafblower,,[],,text,t2_3y4g71p3,False,False,False,1561281979,self.Seattle,https://www.reddit.com/r/Seattle/comments/c41nsb/printing_on_canvas_or_getting_prints/,{},c41nsb,True,False,False,False,True,True,False,,,[],,dark,text,False,False,True,6,0,False,all_ads,/r/Seattle/comments/c41nsb/printing_on_canvas_or_getting_prints/,False,6,1561281980,0,"Anyone know a good place to print some pictures onto a canvas, or just get prints and buy frames in the Seattle or Eastside area?  Everywhere I look online seems quite expensive, even places like Walgreens.",True,False,False,Seattle,t5_2qhad,161725,public,self,Printing on Canvas or getting prints,0,1561368367,https://www.reddit.com/r/Seattle/comments/c41nsb/printing_on_canvas_or_getting_prints/,all_ads,6,,,,,,,,,,,,,,
[],SolCanis,,[],,text,t2_cia9l2u,False,False,False,1561278513,self.Seattle,https://www.reddit.com/r/Seattle/comments/c4123c/woman_screaming_near_143rd_and_lenora_on_thursday/,{},c4123c,True,False,False,False,True,True,False,,,[],,dark,text,False,False,True,3,0,False,all_ads,/r/Seattle/comments/c4123c/woman_screaming_near_143rd_and_lenora_on_thursday/,False,6,1561278514,0,"This happened a few days ago...does anyone know WHAT that situation was about? Just curious I've seen some of my neighbors on here before.

I'm just curious after I had to literally walk past a woman getting assaulted at 145th and Aurora.

Woman heard crying behind my house carrying on in distress. Had to call it in.

The woman in the post....sounded like something out of movie she was screaming so loud for help. It was Hysterical.

And then tonight....Just right in front of God and everybody. Woman is pushing and shoving crying and carryin' on; this guy to get free from and he wont turn her loose... I thought they were horse-playing at first until I got close and she was crying and all that. just asked if she was ok he said yes she said nothing. kept walking had to call that one in too.

&amp;#x200B;

I don't know....Aurora is gettin' real out here on the north end. Gonna have to buy all my female coworkers Some touch-me-nots. Taser mace and a knife. Good lord.",True,False,False,Seattle,t5_2qhad,161725,public,self,Woman Screaming near 143rd and Lenora. On Thursday evening the 20th?,0,1561364887,https://www.reddit.com/r/Seattle/comments/c4123c/woman_screaming_near_143rd_and_lenora_on_thursday/,all_ads,6,,,,,,,,,,,,,,
[],gray500000000,,[],,text,t2_s73pydo,False,False,False,1561275352,i.redd.it,https://www.reddit.com/r/Seattle/comments/c40nt7/how_should_i_read_it_can_i_park_here_so_confusing/,{},c40nt7,True,False,False,True,True,False,False,,,[],,dark,text,False,False,True,7,0,False,all_ads,/r/Seattle/comments/c40nt7/how_should_i_read_it_can_i_park_here_so_confusing/,False,6,1561275353,0,,True,False,False,Seattle,t5_2qhad,161722,public,default,how should I read it? Can I park here? So confusing,0,1561361723,https://i.redd.it/9ipfzoqo72631.jpg,all_ads,6,,,,,,,,,,,,,,
[],ponchoed,,[],,text,t2_rv6pb,False,False,False,1561273309,youtube.com,https://www.reddit.com/r/Seattle/comments/c40elp/paradise_lost_homeless_in_los_angeles_komos_eric/,{},c40elp,True,False,False,False,True,False,False,,,[],,dark,text,False,False,True,3,0,False,all_ads,/r/Seattle/comments/c40elp/paradise_lost_homeless_in_los_angeles_komos_eric/,False,6,1561273310,0,,True,False,False,Seattle,t5_2qhad,161717,public,default,Paradise Lost: Homeless in Los Angeles - KOMO's Eric Johnson Reports,0,1561359686,https://www.youtube.com/watch?v=9D9pZEjSxXQ,all_ads,6,,,,,,,,,,,,,,
[],SS_Solstice,,[],,text,t2_3h2zh49q,False,False,False,1561270650,i.redd.it,https://www.reddit.com/r/Seattle/comments/c402jm/cruise_ship_watching_in_centennial_park/,{},c402jm,True,False,False,True,True,False,False,,flair,"[{'e': 'text', 't': 'Media'}]",Media,dark,richtext,False,False,True,2,0,False,all_ads,/r/Seattle/comments/c402jm/cruise_ship_watching_in_centennial_park/,False,6,1561270651,8,,True,False,False,Seattle,t5_2qhad,161712,public,default,Cruise ship watching in Centennial Park,0,1561357036,https://i.redd.it/drlzdebpt1631.jpg,all_ads,6,,,,,,,,,,,,,,
[],_Driver8takeabreak_,,[],,text,t2_2hi28rad,False,False,False,1561269016,i.redd.it,https://www.reddit.com/r/Seattle/comments/c3zupl/view_from_west_seattle_circa_197374/,{},c3zupl,True,False,False,True,True,False,False,,flair,"[{'e': 'text', 't': 'Media'}]",Media,dark,richtext,False,False,True,1,0,False,all_ads,/r/Seattle/comments/c3zupl/view_from_west_seattle_circa_197374/,False,6,1561269017,41,,True,False,False,Seattle,t5_2qhad,161710,public,default,"View from West Seattle, circa 1973-74",0,1561355389,https://i.redd.it/zqh9kisqo1631.jpg,all_ads,6,,,,,,,,,,,,,,
[],_Driver8takeabreak_,,[],,text,t2_2hi28rad,False,False,False,1561268282,i.redd.it,https://www.reddit.com/r/Seattle/comments/c3zr9v/1989_orcas/,{},c3zr9v,True,False,False,True,True,False,False,,flair,"[{'e': 'text', 't': 'Media'}]",Media,dark,richtext,False,False,True,30,0,False,all_ads,/r/Seattle/comments/c3zr9v/1989_orcas/,False,6,1561268283,911,,True,False,False,Seattle,t5_2qhad,161712,public,default,1989 orcas,0,1561354663,https://i.redd.it/fxaek17mm1631.jpg,all_ads,6,,,,,,,,,,,,,,
[],shinyredrubi,,[],,text,t2_bkle9,False,False,False,1561266806,self.Seattle,https://www.reddit.com/r/Seattle/comments/c3zjrv/going_to_open_becu_account_referral_code_please/,{},c3zjrv,True,False,False,False,True,True,False,,,[],,dark,text,False,False,True,1,0,False,all_ads,/r/Seattle/comments/c3zjrv/going_to_open_becu_account_referral_code_please/,False,6,1561266806,2,Anyone have a referral code? Thanks in advance!,True,False,False,Seattle,t5_2qhad,161707,public,self,Going to open BECU account - referral code please,0,1561353176,https://www.reddit.com/r/Seattle/comments/c3zjrv/going_to_open_becu_account_referral_code_please/,all_ads,6,,,,,,,,,,,,,,
[],_Driver8takeabreak_,,[],,text,t2_2hi28rad,False,False,False,1561265305,i.redd.it,https://www.reddit.com/r/Seattle/comments/c3zc0b/view_from_space_needle_august_1972/,{},c3zc0b,True,False,False,True,True,False,False,,,[],,dark,text,False,False,True,23,0,False,all_ads,/r/Seattle/comments/c3zc0b/view_from_space_needle_august_1972/,False,6,1561265306,117,,True,False,False,Seattle,t5_2qhad,161701,public,default,"View from Space Needle: August, 1972",0,1561351690,https://i.redd.it/vjl6sk4pd1631.jpg,all_ads,6,,,,,,,,,,,,,,
[],_Driver8takeabreak_,,[],,text,t2_2hi28rad,False,False,False,1561265073,i.redd.it,https://www.reddit.com/r/Seattle/comments/c3zas5/1986/,{},c3zas5,True,False,False,True,True,False,False,,,[],,dark,text,False,False,True,0,0,False,all_ads,/r/Seattle/comments/c3zas5/1986/,False,6,1561265073,1,,True,False,False,Seattle,t5_2qhad,161699,public,default,1986,0,1561351455,https://i.redd.it/7vyacs93d1631.jpg,all_ads,6,,,,,,,,,,,,,,
[],_Driver8takeabreak_,,[],,text,t2_2hi28rad,False,False,False,1561264929,i.redd.it,https://www.reddit.com/r/Seattle/comments/c3za0y/pike_place_looking_south_january_29_1969/,{},c3za0y,True,False,False,True,True,False,False,,,[],,dark,text,False,False,True,17,0,False,all_ads,/r/Seattle/comments/c3za0y/pike_place_looking_south_january_29_1969/,False,6,1561264930,325,,True,False,False,Seattle,t5_2qhad,161697,public,default,"Pike place looking south: January 29, 1969",0,1561351309,https://i.redd.it/v3fwhu5mc1631.jpg,all_ads,6,,,,,,,,,,,,,,
[],Hi_its_mel,,[],,text,t2_u4uzd2b,False,False,False,1561263739,self.Seattle,https://www.reddit.com/r/Seattle/comments/c3z3qh/busker_at_fremont_fair/,{},c3z3qh,True,False,False,False,True,True,False,,flair,"[{'e': 'text', 't': 'Question'}]",Question,dark,richtext,False,False,True,3,0,False,all_ads,/r/Seattle/comments/c3z3qh/busker_at_fremont_fair/,False,6,1561263740,0,"So there was this awesome busker at the Fremont fair this evening at about 6:30pm. He was playing guitar and had a beard, singing Cherry Wine by Hozier, when I walked by. He was awesome! Anyone know his deets? I‚Äôm sure this is pretty random but I thought I‚Äôd ask. I always discover amazing artists there and I‚Äôd like to follow him. Also the Tom Petty tribute band was awesome üòé",True,False,False,Seattle,t5_2qhad,161695,public,self,Busker at Fremont Fair,0,1561350111,https://www.reddit.com/r/Seattle/comments/c3z3qh/busker_at_fremont_fair/,all_ads,6,,,9b95cc16-44bf-11e6-aba4-0e42ab5b9d91,,,,,,,,,,,
[],absolutraj,,[],,text,t2_yqbmt,False,False,False,1561263566,i.imgur.com,https://www.reddit.com/r/Seattle/comments/c3z2ry/city_sure_isnt_ugly_view_from_a_friends_condo/,{},c3z2ry,True,False,False,False,True,False,False,,flair,"[{'e': 'text', 't': 'Media'}]",Media,dark,richtext,False,False,True,18,0,False,all_ads,/r/Seattle/comments/c3z2ry/city_sure_isnt_ugly_view_from_a_friends_condo/,False,6,1561263566,94,,True,False,False,Seattle,t5_2qhad,161695,public,default,City sure isn't ugly. View from a friend's condo.,0,1561349949,https://i.imgur.com/eL5tZaV.jpg,all_ads,6,,,cba61046-412a-11e8-8b48-0e90cbddd944,,,,,,,,,,,
[],Mr_SlingShot,,[],,text,t2_wgxi7,False,False,False,1561257880,self.Seattle,https://www.reddit.com/r/Seattle/comments/c3y73q/strangers_dog_bit_me_and_they_just_kept_walking/,{},c3y73q,True,False,False,False,True,True,False,,flair,"[{'e': 'text', 't': 'Question'}]",Question,dark,richtext,False,False,True,13,0,False,all_ads,/r/Seattle/comments/c3y73q/strangers_dog_bit_me_and_they_just_kept_walking/,False,6,1561257881,4,"I didn‚Äôt provoke the dog in anyway; I was just walking by on the sidewalk, with the owner walking 2 dogs the other direction on leashes. The older one bit me and the owner pulled it off and kept walking without turning back his. I didn‚Äôt want to confront the owner since he didn‚Äôt have control, but if the dog bites, it should have muzzle right?",True,False,False,Seattle,t5_2qhad,161693,public,self,Stranger‚Äôs dog bit me and they just kept walking with the dog. What do I do?,0,1561344257,https://www.reddit.com/r/Seattle/comments/c3y73q/strangers_dog_bit_me_and_they_just_kept_walking/,all_ads,6,,,9b95cc16-44bf-11e6-aba4-0e42ab5b9d91,,,,,,,,,,,
[],hardon4harden,,[],,text,t2_17t2wprn,False,False,False,1561251267,self.Seattle,https://www.reddit.com/r/Seattle/comments/c3x50l/san_juan_islands_without_a_car/,{},c3x50l,True,False,False,False,True,True,False,,,[],,dark,text,False,False,True,8,0,False,all_ads,/r/Seattle/comments/c3x50l/san_juan_islands_without_a_car/,False,6,1561251268,2,"Hi Reddit, my cousin will be visiting in a month and really wants to see San Juan Islands. However I probably won't be able to get enough time off work, and she doesn't have a driver's license. Is there any way to do San Juan without a car? It looks like there are shuttles from Seattle to the ferry, but once on the island is there any way to get around? Im guessing there isn't Uber/Lyft out there? Any advice much appreciated!",True,False,False,Seattle,t5_2qhad,161680,public,self,San Juan Islands without a car?,0,1561337654,https://www.reddit.com/r/Seattle/comments/c3x50l/san_juan_islands_without_a_car/,all_ads,6,,,,,,,,,,,,,,
[],SeattleArrow,,[],,text,t2_1l5t9f5f,False,False,False,1561251239,self.Seattle,https://www.reddit.com/r/Seattle/comments/c3x4u4/seattle_pilots/,{},c3x4u4,True,False,False,False,True,True,False,,,[],,dark,text,False,False,True,4,0,False,all_ads,/r/Seattle/comments/c3x4u4/seattle_pilots/,False,6,1561251240,0,"Love the retro flashback Pilots uniforms, logo, energy, colors, name, everything.  Since the ‚Äúm‚Äôs‚Äù are just sorta kinda maybe cursed forever... maybe bring back the Pilots for good?  
Note... I know they lost today but damn those unis were cool",True,False,False,Seattle,t5_2qhad,161680,public,self,Seattle Pilots?,0,1561337614,https://www.reddit.com/r/Seattle/comments/c3x4u4/seattle_pilots/,all_ads,6,,,,,,,,,,,,,,
[],Cheyenne400,,[],,text,t2_xwee04k,False,False,False,1561249705,self.Seattle,https://www.reddit.com/r/Seattle/comments/c3wvwk/best_internet_providers_in_the_city/,{},c3wvwk,True,False,False,False,True,True,False,,,[],,dark,text,False,False,True,7,0,False,all_ads,/r/Seattle/comments/c3wvwk/best_internet_providers_in_the_city/,False,6,1561249706,2,"Just moved here from the east coast and moving into my apartment in the beginning of July!  Thought I would pick everyone's brain about the most affordable internet for my situation and welcome your experiences with ISPs out here.  I am a single occupant renting out of a 60 unit apartment building in the Columbia City area and would mostly be using the service for general internet browsing, streaming movies, and playing online games.  Any advise would be greatly appreciated!",True,False,False,Seattle,t5_2qhad,161675,public,self,Best Internet Providers In The City?,0,1561336084,https://www.reddit.com/r/Seattle/comments/c3wvwk/best_internet_providers_in_the_city/,all_ads,6,,,,,,,,,,,,,,
[],StovenRD,,[],,text,t2_15nzdy,False,False,False,1561242675,/r/Seattle/comments/c3vo2q/time_lapse_i_took_from_the_ferry_back_in_the_fall/,https://www.reddit.com/r/Seattle/comments/c3vo2q/time_lapse_i_took_from_the_ferry_back_in_the_fall/,{},c3vo2q,True,False,False,False,True,False,True,,,[],,dark,text,False,False,True,5,0,False,all_ads,/r/Seattle/comments/c3vo2q/time_lapse_i_took_from_the_ferry_back_in_the_fall/,False,6,1561242675,122,,True,False,False,Seattle,t5_2qhad,161671,public,default,Time lapse I took from the ferry back in the fall.,0,1561329052,https://v.redd.it/m80kpurciz531,all_ads,6,,,,,,,,,,,,,,
[],geh_blau,,[],,text,t2_oxb4m,False,False,False,1561239235,self.Seattle,https://www.reddit.com/r/Seattle/comments/c3v1ud/adult_gymnastics_beginner_classes/,{},c3v1ud,True,False,False,False,True,True,False,,,[],,dark,text,False,False,True,2,0,False,all_ads,/r/Seattle/comments/c3v1ud/adult_gymnastics_beginner_classes/,False,6,1561239236,0,I'm 23 years old and I really want to learn gymnastics. I think gymnastics is so impressive and that it would be a good way to push myself in strength more than just going to the gym. Are there any places that offer beginner gymnastic courses for 18+?,True,False,False,Seattle,t5_2qhad,161670,public,self,Adult Gymnastics Beginner Classes?,0,1561325613,https://www.reddit.com/r/Seattle/comments/c3v1ud/adult_gymnastics_beginner_classes/,all_ads,6,,,,,,,,,,,,,,
[],skydiver00,,[],,text,t2_3utm72gv,False,False,False,1561239099,self.Seattle,https://www.reddit.com/r/Seattle/comments/c3v0yu/stargazing_in_seattle_area/,{},c3v0yu,False,False,False,False,False,True,False,,,[],,dark,text,False,False,True,7,0,False,all_ads,/r/Seattle/comments/c3v0yu/stargazing_in_seattle_area/,False,6,1561239101,8,[removed],True,False,False,Seattle,t5_2qhad,161669,public,self,Stargazing in Seattle area,0,1561325486,https://www.reddit.com/r/Seattle/comments/c3v0yu/stargazing_in_seattle_area/,all_ads,6,,,,,,,,,,,,,,
[],donglords69,,[],,text,t2_xwx9w,False,False,False,1561233922,i.redd.it,https://www.reddit.com/r/Seattle/comments/c3u4ox/picnic_at_carkeek_park/,{},c3u4ox,True,False,False,True,True,False,False,,flair,"[{'e': 'text', 't': 'Media'}]",Media,dark,richtext,False,False,True,20,0,False,all_ads,/r/Seattle/comments/c3u4ox/picnic_at_carkeek_park/,False,6,1561233923,510,,True,False,False,Seattle,t5_2qhad,161661,public,default,Picnic at Carkeek Park.,0,1561320297,https://i.redd.it/rj0fpwphsy531.jpg,all_ads,6,,,,,,,,,,,,,,
[],anoctopusmaybeasquid,,[],,text,t2_39dx2,False,False,False,1561230856,self.Seattle,https://www.reddit.com/r/Seattle/comments/c3tl4i/best_places_to_get_hot_sauces/,{},c3tl4i,True,False,False,False,True,True,False,,,[],,dark,text,False,False,True,11,0,False,all_ads,/r/Seattle/comments/c3tl4i/best_places_to_get_hot_sauces/,False,6,1561230857,4,Looking for someplace that has a large variety of hot sauces. Does anyone know where I might find that?,True,False,False,Seattle,t5_2qhad,161658,public,self,Best places to get hot sauces?,0,1561317242,https://www.reddit.com/r/Seattle/comments/c3tl4i/best_places_to_get_hot_sauces/,all_ads,6,,,,,,,,,,,,,,
[],yungsemite,,[],,text,t2_23pyq2bp,False,False,False,1561230641,self.Seattle,https://www.reddit.com/r/Seattle/comments/c3tjts/more_rats_than_usual/,{},c3tjts,True,False,False,False,True,True,False,,,[],,dark,text,False,False,True,12,0,False,all_ads,/r/Seattle/comments/c3tjts/more_rats_than_usual/,False,6,1561230643,2,Anyone think they‚Äôve seen a few more rats than usual in our city? I definitely feel like I‚Äôve seen a good half dozen rats in the past week.,True,False,False,Seattle,t5_2qhad,161658,public,self,More rats than usual?,0,1561317027,https://www.reddit.com/r/Seattle/comments/c3tjts/more_rats_than_usual/,all_ads,6,,,,,,,,,,,,,,
[],loveseasytears,flair,"[{'e': 'text', 't': 'West Seattle'}]",West Seattle,richtext,t2_7v18n,False,False,False,1561227373,instagram.com,https://www.reddit.com/r/Seattle/comments/c3sypp/staff_at_slate_coffee_in_ballard_walked_out/,{},c3sypp,True,False,False,False,True,False,False,,,[],,dark,text,False,False,True,86,0,False,all_ads,/r/Seattle/comments/c3sypp/staff_at_slate_coffee_in_ballard_walked_out/,False,6,1561227374,174,,False,False,False,Seattle,t5_2qhad,161654,public,default,Staff at Slate Coffee in Ballard walked out,0,1561313752,https://www.instagram.com/p/BzBFcOEATzt/,all_ads,6,,dark,,,,,,,,,,,,
[],selfsh,,[],,text,t2_3lz6p2e2,False,False,False,1561223594,i.redd.it,https://www.reddit.com/r/Seattle/comments/c3s8br/come_stop_by_the_selfsh_booth_at_the_fremont_fair/,{},c3s8br,True,False,False,True,True,False,False,,flair,"[{'e': 'text', 't': 'Media'}]",Media,dark,richtext,False,False,True,5,0,False,all_ads,/r/Seattle/comments/c3s8br/come_stop_by_the_selfsh_booth_at_the_fremont_fair/,False,6,1561223595,0,,True,False,False,Seattle,t5_2qhad,161649,public,default,come stop by the self.sh booth at the fremont fair!,0,1561309978,https://i.redd.it/vcy86nasxx531.jpg,all_ads,6,,,,,,,,,,,,,,
[],tuki83,flair,"[{'e': 'text', 't': 'West Seattle'}]",West Seattle,richtext,t2_4jqkf,False,False,False,1561223495,imgur.com,https://www.reddit.com/r/Seattle/comments/c3s7mt/55_and_cloudy/,{},c3s7mt,True,False,False,False,True,False,False,,,[],,dark,text,False,False,True,6,0,False,all_ads,/r/Seattle/comments/c3s7mt/55_and_cloudy/,False,6,1561223496,82,,True,False,False,Seattle,t5_2qhad,161649,public,default,55 and cloudy,0,1561309880,https://imgur.com/aeCJvPP,all_ads,6,,dark,,,,,,,,,,,,
[],AceManCometh,,[],,text,t2_140xmn,False,False,False,1561223339,i.redd.it,https://www.reddit.com/r/Seattle/comments/c3s6i8/i_love_this_painting_at_the_snoqualmie_valley/,{},c3s6i8,True,False,False,True,True,False,False,,flair,"[{'e': 'text', 't': 'Media'}]",Media,dark,richtext,False,False,True,0,0,False,all_ads,/r/Seattle/comments/c3s6i8/i_love_this_painting_at_the_snoqualmie_valley/,False,6,1561223340,17,,True,False,False,Seattle,t5_2qhad,161649,public,default,I love this painting at the Snoqualmie Valley History Museum - Snoqualmie tribe sisters on Rattlesnake Ridge,0,1561309719,https://i.redd.it/0y4esz01xx531.jpg,all_ads,6,,,,,,,,,,,,,,
[],ncsudrn,,[],,text,t2_taolo,False,False,False,1561219200,capitolhillseattle.com,https://www.reddit.com/r/Seattle/comments/c3rcjd/an_extraordinarily_severe_emergency_the/,{},c3rcjd,True,False,False,False,True,False,False,,flair,"[{'e': 'text', 't': 'News'}]",News,dark,richtext,False,False,True,57,0,False,all_ads,/r/Seattle/comments/c3rcjd/an_extraordinarily_severe_emergency_the/,False,6,1561219201,335,,True,False,False,Seattle,t5_2qhad,161639,public,default,An ‚Äòextraordinarily severe‚Äô emergency: the radioactive leak at Harborview,0,1561305586,http://www.capitolhillseattle.com/2019/06/an-extraordinarily-severe-emergency-the-radioactive-leak-at-harborview/,all_ads,6,,,9f9ba910-f804-11e4-be5c-0ea18645ab5f,,,,,,,,,,,
[],cmuoneke,,[],,text,t2_3rjcd7rr,False,False,False,1561214433,latimes.com,https://www.reddit.com/r/Seattle/comments/c3qgel/thoughts_on_recall_of_la_mayor_over_response_to/,{},c3qgel,True,False,False,False,True,False,False,,flair,"[{'e': 'text', 't': 'Question'}]",Question,dark,richtext,False,False,True,8,0,False,all_ads,/r/Seattle/comments/c3qgel/thoughts_on_recall_of_la_mayor_over_response_to/,False,6,1561214434,0,,True,False,False,Seattle,t5_2qhad,161640,public,default,Thoughts on recall of LA Mayor over Response to Homelessness Crisis?,0,1561300815,https://www.latimes.com/local/lanow/la-me-ln-eric-garcetti-recall-mayor-homelessness-rise-online-petition-20190619-story.html,all_ads,6,,,9b95cc16-44bf-11e6-aba4-0e42ab5b9d91,,,,,,,,,,,
[],JBanks90,,[],,text,t2_10a6e9,False,False,False,1561180354,self.Seattle,https://www.reddit.com/r/Seattle/comments/c3ln9k/my_daughter_is_going_to_graduate_school_in_bothel/,{},c3ln9k,True,False,False,False,True,True,False,,,[],,dark,text,False,False,True,32,0,False,all_ads,/r/Seattle/comments/c3ln9k/my_daughter_is_going_to_graduate_school_in_bothel/,False,6,1561180355,1,,True,False,False,Seattle,t5_2qhad,161621,public,self,"My daughter is going to graduate school in Bothel this Fall. She lives in Rhode Island and, besides a brief visit to the school, has never spent much time in Washington State. Any suggestions on safe neighborhoods to rent an apartment that aren‚Äôt exorbitant?",0,1561266729,https://www.reddit.com/r/Seattle/comments/c3ln9k/my_daughter_is_going_to_graduate_school_in_bothel/,all_ads,6,,,,,,,,,,,,,,
[],Donger69,,[],,text,t2_81x39,False,False,False,1561178582,v.redd.it,https://www.reddit.com/r/Seattle/comments/c3ldit/biting_into_a_geoduck_clam/,{},c3ldit,True,False,False,True,True,False,False,,,[],,dark,text,False,False,True,17,0,False,all_ads,/r/Seattle/comments/c3ldit/biting_into_a_geoduck_clam/,False,6,1561178582,17,,True,False,False,Seattle,t5_2qhad,161617,public,https://b.thumbs.redditmedia.com/_OkLjff0f5EBHYibDDZCNZk7hgv7ZEWHhjtgRRqiMNw.jpg,Biting into a geoduck clam.,0,1561265717,https://v.redd.it/xj4ou6zptr531,all_ads,6,,,,link,"{'enabled': False, 'images': [{'id': 'Tb8NljGHhzh7WjI7nrm1juk2TkWCrWGFN42uWTsNHeg', 'resolutions': [{'height': 135, 'url': 'https://external-preview.redd.it/bhKjjxVjRBprR7FU724LeUU9RnbDM6snIszdkWQJbjM.png?width=108&amp;crop=smart&amp;auto=webp&amp;s=9fe64df8a25f9920588aea196895a76ba57fad2d', 'width': 108}, {'height': 270, 'url': 'https://external-preview.redd.it/bhKjjxVjRBprR7FU724LeUU9RnbDM6snIszdkWQJbjM.png?width=216&amp;crop=smart&amp;auto=webp&amp;s=93a32a1c4a0ebe5488f1701c57a3c3878fe69128', 'width': 216}, {'height': 400, 'url': 'https://external-preview.redd.it/bhKjjxVjRBprR7FU724LeUU9RnbDM6snIszdkWQJbjM.png?width=320&amp;crop=smart&amp;auto=webp&amp;s=cde3cc341eed896234aae78413b5c2da69be04d4', 'width': 320}], 'source': {'height': 600, 'url': 'https://external-preview.redd.it/bhKjjxVjRBprR7FU724LeUU9RnbDM6snIszdkWQJbjM.png?auto=webp&amp;s=9ed734fb77ff8b93fe735145921e3e5b03264463', 'width': 480}, 'variants': {}}]}",140.0,140.0,,,,,t3_c3g4ar,"[{'all_awardings': [], 'approved_at_utc': None, 'approved_by': None, 'archived': False, 'author': 'itstoolatefororanges', 'author_flair_background_color': None, 'author_flair_css_class': None, 'author_flair_richtext': [], 'author_flair_template_id': None, 'author_flair_text': None, 'author_flair_text_color': None, 'author_flair_type': 'text', 'author_fullname': 't2_28two8dm', 'author_patreon_flair': False, 'banned_at_utc': None, 'banned_by': None, 'can_gild': True, 'can_mod_post': False, 'category': None, 'clicked': False, 'content_categories': None, 'contest_mode': False, 'created': 1561178404.0, 'created_utc': 1561149604.0, 'distinguished': None, 'domain': 'v.redd.it', 'downs': 0, 'edited': False, 'gilded': 0, 'gildings': {}, 'hidden': False, 'hide_score': False, 'id': 'c3g4ar', 'is_crosspostable': True, 'is_meta': False, 'is_original_content': False, 'is_reddit_media_domain': True, 'is_robot_indexable': True, 'is_self': False, 'is_video': True, 'likes': None, 'link_flair_background_color': '', 'link_flair_css_class': None, 'link_flair_richtext': [], 'link_flair_text': None, 'link_flair_text_color': 'dark', 'link_flair_type': 'text', 'locked': False, 'media': {'reddit_video': {'dash_url': 'https://v.redd.it/xj4ou6zptr531/DASHPlaylist.mpd', 'duration': 41, 'fallback_url': 'https://v.redd.it/xj4ou6zptr531/DASH_480?source=fallback', 'height': 480, 'hls_url': 'https://v.redd.it/xj4ou6zptr531/HLSPlaylist.m3u8', 'is_gif': False, 'scrubber_media_url': 'https://v.redd.it/xj4ou6zptr531/DASH_96', 'transcoding_status': 'completed', 'width': 384}}, 'media_embed': {}, 'media_only': False, 'mod_note': None, 'mod_reason_by': None, 'mod_reason_title': None, 'mod_reports': [], 'name': 't3_c3g4ar', 'no_follow': False, 'num_comments': 72, 'num_crossposts': 5, 'num_reports': None, 'over_18': False, 'parent_whitelist_status': 'all_ads', 'permalink': '/r/Instantregret/comments/c3g4ar/biting_into_a_geoduck_clam/', 'pinned': False, 'post_hint': 'hosted:video', 'preview': {'enabled': False, 'images': [{'id': 'Tb8NljGHhzh7WjI7nrm1juk2TkWCrWGFN42uWTsNHeg', 'resolutions': [{'height': 135, 'url': 'https://external-preview.redd.it/bhKjjxVjRBprR7FU724LeUU9RnbDM6snIszdkWQJbjM.png?width=108&amp;crop=smart&amp;format=pjpg&amp;auto=webp&amp;s=ee2c3bf476eca4e79e808ddc6d728ec123b788e0', 'width': 108}, {'height': 270, 'url': 'https://external-preview.redd.it/bhKjjxVjRBprR7FU724LeUU9RnbDM6snIszdkWQJbjM.png?width=216&amp;crop=smart&amp;format=pjpg&amp;auto=webp&amp;s=3d90e331465a942647b49f931addbbdd1d240a3f', 'width': 216}, {'height': 400, 'url': 'https://external-preview.redd.it/bhKjjxVjRBprR7FU724LeUU9RnbDM6snIszdkWQJbjM.png?width=320&amp;crop=smart&amp;format=pjpg&amp;auto=webp&amp;s=f05a44aca648300746b6e9ad4db61e850439b6af', 'width': 320}], 'source': {'height': 600, 'url': 'https://external-preview.redd.it/bhKjjxVjRBprR7FU724LeUU9RnbDM6snIszdkWQJbjM.png?format=pjpg&amp;auto=webp&amp;s=a61c4f7b5d101da9b20e6bd6af38807ae5aff50b', 'width': 480}, 'variants': {}}]}, 'pwls': 6, 'quarantine': False, 'removal_reason': None, 'report_reasons': None, 'saved': False, 'score': 348, 'secure_media': {'reddit_video': {'dash_url': 'https://v.redd.it/xj4ou6zptr531/DASHPlaylist.mpd', 'duration': 41, 'fallback_url': 'https://v.redd.it/xj4ou6zptr531/DASH_480?source=fallback', 'height': 480, 'hls_url': 'https://v.redd.it/xj4ou6zptr531/HLSPlaylist.m3u8', 'is_gif': False, 'scrubber_media_url': 'https://v.redd.it/xj4ou6zptr531/DASH_96', 'transcoding_status': 'completed', 'width': 384}}, 'secure_media_embed': {}, 'selftext': '', 'selftext_html': None, 'send_replies': True, 'spoiler': False, 'stickied': False, 'subreddit': 'Instantregret', 'subreddit_id': 't5_2zfcc', 'subreddit_name_prefixed': 'r/Instantregret', 'subreddit_subscribers': 163603, 'subreddit_type': 'public', 'suggested_sort': None, 'thumbnail': 'https://b.thumbs.redditmedia.com/_OkLjff0f5EBHYibDDZCNZk7hgv7ZEWHhjtgRRqiMNw.jpg', 'thumbnail_height': 140, 'thumbnail_width': 140, 'title': 'Biting into a geoduck clam.', 'total_awards_received': 0, 'ups': 348, 'url': 'https://v.redd.it/xj4ou6zptr531', 'user_reports': [], 'view_count': None, 'visited': False, 'whitelist_status': 'all_ads', 'wls': 6}]",
[],MissAnthropy,,[],,text,t2_3lje7,False,False,False,1561176937,/r/Seattle/comments/c3l4kg/more_rv_summertime_fun_ends_in_death/,https://www.reddit.com/r/Seattle/comments/c3l4kg/more_rv_summertime_fun_ends_in_death/,{},c3l4kg,True,False,False,False,True,False,True,,,[],,dark,text,False,False,True,14,0,False,all_ads,/r/Seattle/comments/c3l4kg/more_rv_summertime_fun_ends_in_death/,False,6,1561176939,0,,True,False,False,Seattle,t5_2qhad,161613,public,default,More RV Summertime Fun Ends In Death.,0,1561265599,https://v.redd.it/ojb8hxhe2u531,all_ads,6,,,,,,,,,,,,,,
[],alcien100,,[],,text,t2_iqw7p7q,False,False,False,1561173163,i.redd.it,https://www.reddit.com/r/Seattle/comments/c3kiuu/the_nest_best_views/,{},c3kiuu,True,False,False,True,True,False,False,,flair,"[{'e': 'text', 't': 'Media'}]",Media,dark,richtext,False,False,True,0,0,False,all_ads,/r/Seattle/comments/c3kiuu/the_nest_best_views/,False,6,1561173164,2,,True,False,False,Seattle,t5_2qhad,161614,public,default,the Nest - best views!,0,1561265312,https://i.redd.it/h9tgj1xrrt531.jpg,all_ads,6,,,,,,,,,,,,,,
[],frecklesandmimosas,,[],,text,t2_vfhvh,False,False,False,1561172164,self.Seattle,https://www.reddit.com/r/Seattle/comments/c3kcz8/harry_potter_wizards_unite_meetups/,{},c3kcz8,True,False,False,False,True,True,False,,flair,"[{'e': 'text', 't': 'Meetup'}]",Meetup,dark,richtext,False,False,True,4,0,False,all_ads,/r/Seattle/comments/c3kcz8/harry_potter_wizards_unite_meetups/,False,6,1561172165,3,Hey guys! With the new game I think we should schedule some meetups to play together- thoughts?,True,False,False,Seattle,t5_2qhad,161611,public,self,Harry Potter: Wizards Unite meetups?,0,1561265234,https://www.reddit.com/r/Seattle/comments/c3kcz8/harry_potter_wizards_unite_meetups/,all_ads,6,,,4d832954-a794-11e7-90db-0efd5e173148,,,,,,,,,,,
[],OnlineMemeArmy,,[],,text,t2_3l1oj988,False,False,False,1561168872,seattletimes.com,https://www.reddit.com/r/Seattle/comments/c3jt04/strategic_downtown_seattle_blocks_for_sale_near/,{},c3jt04,True,False,False,False,True,False,False,,flair,"[{'e': 'text', 't': 'News'}]",News,dark,richtext,False,False,True,1,0,False,all_ads,/r/Seattle/comments/c3jt04/strategic_downtown_seattle_blocks_for_sale_near/,False,6,1561168874,3,,True,False,False,Seattle,t5_2qhad,161611,public,https://b.thumbs.redditmedia.com/4q6473y4eJw3f3RroW5IJT9UHJG_rTHWifEdc2rwFdI.jpg,Strategic downtown Seattle blocks for sale near Amazon HQ,0,1561264970,https://www.seattletimes.com/business/real-estate/report-strategic-downtown-seattle-blocks-for-sale-near-amazon-hq/,all_ads,6,,,9f9ba910-f804-11e4-be5c-0ea18645ab5f,link,"{'enabled': False, 'images': [{'id': 'UOl_SX9Fif_ZIiKZ4BpMiDLru-pDYjD3TNuFJielOuU', 'resolutions': [{'height': 108, 'url': 'https://external-preview.redd.it/SmlT6CaZ6TipFEErRwxA7FfU5rnIVv1vKQmxVHTi9LA.jpg?width=108&amp;crop=smart&amp;auto=webp&amp;s=07f24a61b6961fa84d086e3b8b7c9e9b81749822', 'width': 108}, {'height': 216, 'url': 'https://external-preview.redd.it/SmlT6CaZ6TipFEErRwxA7FfU5rnIVv1vKQmxVHTi9LA.jpg?width=216&amp;crop=smart&amp;auto=webp&amp;s=20a22f5d2e1679a46af450c3a7ac2cd058c225c4', 'width': 216}], 'source': {'height': 316, 'url': 'https://external-preview.redd.it/SmlT6CaZ6TipFEErRwxA7FfU5rnIVv1vKQmxVHTi9LA.jpg?auto=webp&amp;s=624db2d6103e32ce2049451392d7746149bc30cd', 'width': 316}, 'variants': {}}]}",140.0,140.0,,,,,,,
[],shortenda,,[],,text,t2_igwiy,False,False,False,1561167390,self.Seattle,https://www.reddit.com/r/Seattle/comments/c3jjro/looking_for_macrina_squash_bread/,{},c3jjro,True,False,False,False,True,True,False,,flair,"[{'e': 'text', 't': 'Question'}]",Question,dark,richtext,False,False,True,7,0,False,all_ads,/r/Seattle/comments/c3jjro/looking_for_macrina_squash_bread/,False,6,1561167392,0,"There's a squash bread from Macrina bakery that a coffee shop I go to serves that I'm loving, anyone know where I can buy a loaf of it?",True,False,False,Seattle,t5_2qhad,161610,public,self,Looking for Macrina squash bread,0,1561264849,https://www.reddit.com/r/Seattle/comments/c3jjro/looking_for_macrina_squash_bread/,all_ads,6,,,9b95cc16-44bf-11e6-aba4-0e42ab5b9d91,,,,,,,,,,,
[],RainCityCatman,,[],,text,t2_32n6ans,False,False,False,1561164781,self.Seattle,https://www.reddit.com/r/Seattle/comments/c3j3gw/recommendations_for_places_to_watch_formula_1_on/,{},c3j3gw,True,False,False,False,True,True,False,,,[],,dark,text,False,False,True,5,0,False,all_ads,/r/Seattle/comments/c3j3gw/recommendations_for_places_to_watch_formula_1_on/,False,6,1561164782,7,"Hey guys! 

Title pretty much says it all. Just curious if anyone know of places that show the races, like a bar or something similar. 

Thanks!!",True,False,False,Seattle,t5_2qhad,161607,public,self,Recommendations for places to watch Formula 1 (on tv) around Seattle?,0,1561264630,https://www.reddit.com/r/Seattle/comments/c3j3gw/recommendations_for_places_to_watch_formula_1_on/,all_ads,6,,,,,,,,,,,,,,
[],NucleaRaccoon,,[],,text,t2_1k4j5umm,False,False,False,1561158675,i.redd.it,https://www.reddit.com/r/Seattle/comments/c3hyox/containers_overboard_and_sinking_into_elliot_bay/,{},c3hyox,True,False,False,True,True,False,False,,flair,"[{'e': 'text', 't': 'Media'}]",Media,dark,richtext,False,False,True,8,0,False,all_ads,/r/Seattle/comments/c3hyox/containers_overboard_and_sinking_into_elliot_bay/,False,6,1561158677,40,,True,False,False,Seattle,t5_2qhad,161603,public,default,Containers overboard and sinking into Elliot Bay,0,1561264063,https://i.redd.it/ci99c4hoks531.jpg,all_ads,6,,,,,,,,,,,,,,
[],redbeard_man,,[],,text,t2_3zglj2z2,False,False,False,1561157832,self.Seattle,https://www.reddit.com/r/Seattle/comments/c3hsux/landlord_lying_in_letter_addressed_to_our_unit/,{},c3hsux,False,False,False,False,False,True,False,,,[],,dark,text,False,False,True,1,0,False,all_ads,/r/Seattle/comments/c3hsux/landlord_lying_in_letter_addressed_to_our_unit/,False,6,1561157833,1,[removed],True,False,False,Seattle,t5_2qhad,161601,public,self,Landlord lying in letter addressed to our unit,0,1561263977,https://www.reddit.com/r/Seattle/comments/c3hsux/landlord_lying_in_letter_addressed_to_our_unit/,all_ads,6,,,,,,,,,,,,,,
[],Aboutaburl,,[],,text,t2_1p0d4h3o,False,False,False,1561156429,self.Seattle,https://www.reddit.com/r/Seattle/comments/c3hj1m/first_time_in_town/,{},c3hj1m,True,False,False,False,True,True,False,,flair,"[{'e': 'text', 't': 'Question'}]",Question,dark,richtext,False,False,True,20,0,False,all_ads,/r/Seattle/comments/c3hj1m/first_time_in_town/,False,6,1561156430,0,"My wife and I are headed down from Vancouver this weekend. 
I booked us Saturday night at Hotel Max because I‚Äôm a grungoid from way back and it hit my nostalgia buttons. 

We‚Äôre working on an itinerary tonight to see the tourist spots and a couple special interests. 

So far it looks like:
Saturday brunch-Pikes Place (top of her list of wants) and likely the ‚Äúoriginal‚Äù Starbucks 
Saturday afternoon- SAM and maybe Museum of Pop Culture
Saturday supper- Hotel Max
Saturday evening-monorail and Space Needle
Saturday night-Uber to Kerry Park for the sunset view. 
Saturday later night- hang at Hotel Max

Sunday morning- I‚Äôd like to do the Starbucks roastery. Any advice on this?
Sunday midday- Chihuly Garden (on my list)
Sunday lunch-?
Sunday afternoon- ok. Bear with me. I‚Äôd like to hit up one of the stores from Macklemore‚Äôs ‚ÄúThrift Shop‚Äù. Is the Capitol Hill Value Village still open?
Sunday evening- back to Van

Help me out guys. What am I planning wrong?",True,False,False,Seattle,t5_2qhad,161601,public,self,First time in town.,0,1561263833,https://www.reddit.com/r/Seattle/comments/c3hj1m/first_time_in_town/,all_ads,6,,,9b95cc16-44bf-11e6-aba4-0e42ab5b9d91,,,,,,,,,,,
[],6MMDollarMan,,[],,text,t2_139rs6,False,False,False,1561152266,i.redd.it,https://www.reddit.com/r/Seattle/comments/c3gok1/sunset_fremont_bridge_seattle_wa_06202019/,{},c3gok1,True,False,False,True,True,False,False,,flair,"[{'e': 'text', 't': 'Media'}]",Media,dark,richtext,False,False,True,5,0,False,all_ads,/r/Seattle/comments/c3gok1/sunset_fremont_bridge_seattle_wa_06202019/,False,6,1561152267,36,,True,False,False,Seattle,t5_2qhad,161595,public,https://b.thumbs.redditmedia.com/S2LQKq-d8UweTmPppmulouyFvLkhKtNgXM3wCkYz0Fk.jpg,"Sunset Fremont Bridge Seattle, WA 06.20.2019",0,1561263386,https://i.redd.it/6zvjcrgu2n531.jpg,all_ads,6,,,,image,"{'enabled': True, 'images': [{'id': 'LkiLVO3EoUPJwDBeXo0mRS1bgxzJ0o-j7YDhRQTo7Mg', 'resolutions': [{'height': 52, 'url': 'https://preview.redd.it/6zvjcrgu2n531.jpg?width=108&amp;crop=smart&amp;auto=webp&amp;s=f2d12a2e19c27386161327df2d2acf22c2e971f7', 'width': 108}, {'height': 105, 'url': 'https://preview.redd.it/6zvjcrgu2n531.jpg?width=216&amp;crop=smart&amp;auto=webp&amp;s=2f6138f05d16d24f694a83a6e135ce16a50f226e', 'width': 216}, {'height': 155, 'url': 'https://preview.redd.it/6zvjcrgu2n531.jpg?width=320&amp;crop=smart&amp;auto=webp&amp;s=317cf3580babb52c9b6fc981a2c92c6899f89c6b', 'width': 320}, {'height': 311, 'url': 'https://preview.redd.it/6zvjcrgu2n531.jpg?width=640&amp;crop=smart&amp;auto=webp&amp;s=ba6a1f51c61b3ead546d25fb9340b0fe9db55ef0', 'width': 640}, {'height': 466, 'url': 'https://preview.redd.it/6zvjcrgu2n531.jpg?width=960&amp;crop=smart&amp;auto=webp&amp;s=8fac809e31a0fd90fa5e905842a9edeb5e0a7592', 'width': 960}, {'height': 525, 'url': 'https://preview.redd.it/6zvjcrgu2n531.jpg?width=1080&amp;crop=smart&amp;auto=webp&amp;s=57eac17de2b62a489867e20e6e1b92cedc9dd0df', 'width': 1080}], 'source': {'height': 1960, 'url': 'https://preview.redd.it/6zvjcrgu2n531.jpg?auto=webp&amp;s=990c3b7daec4b2c9be0d10da08469314bbb7602e', 'width': 4032}, 'variants': {}}]}",68.0,140.0,,,,,t3_c367gn,"[{'all_awardings': [], 'approved_at_utc': None, 'approved_by': None, 'archived': False, 'author': '6MMDollarMan', 'author_flair_background_color': None, 'author_flair_css_class': None, 'author_flair_richtext': [], 'author_flair_template_id': None, 'author_flair_text': None, 'author_flair_text_color': None, 'author_flair_type': 'text', 'author_fullname': 't2_139rs6', 'author_patreon_flair': False, 'banned_at_utc': None, 'banned_by': None, 'can_gild': True, 'can_mod_post': False, 'category': None, 'clicked': False, 'content_categories': None, 'contest_mode': False, 'created': 1561120921.0, 'created_utc': 1561092121.0, 'distinguished': None, 'domain': 'i.redd.it', 'downs': 0, 'edited': False, 'gilded': 0, 'gildings': {}, 'hidden': False, 'hide_score': False, 'id': 'c367gn', 'is_crosspostable': True, 'is_meta': False, 'is_original_content': False, 'is_reddit_media_domain': True, 'is_robot_indexable': True, 'is_self': False, 'is_video': False, 'likes': None, 'link_flair_background_color': '', 'link_flair_css_class': 'media', 'link_flair_richtext': [], 'link_flair_template_id': '168a4956-7a49-11e6-ad69-0e9ca4a99471', 'link_flair_text': 'Media', 'link_flair_text_color': 'dark', 'link_flair_type': 'text', 'locked': False, 'media': None, 'media_embed': {}, 'media_only': False, 'mod_note': None, 'mod_reason_by': None, 'mod_reason_title': None, 'mod_reports': [], 'name': 't3_c367gn', 'no_follow': False, 'num_comments': 26, 'num_crossposts': 1, 'num_reports': None, 'over_18': False, 'parent_whitelist_status': 'all_ads', 'permalink': '/r/SeattleWA/comments/c367gn/sunset_fremont_bridge_seattle_wa_06202019/', 'pinned': False, 'post_hint': 'image', 'preview': {'enabled': True, 'images': [{'id': 'LkiLVO3EoUPJwDBeXo0mRS1bgxzJ0o-j7YDhRQTo7Mg', 'resolutions': [{'height': 52, 'url': 'https://preview.redd.it/6zvjcrgu2n531.jpg?width=108&amp;crop=smart&amp;auto=webp&amp;s=f2d12a2e19c27386161327df2d2acf22c2e971f7', 'width': 108}, {'height': 105, 'url': 'https://preview.redd.it/6zvjcrgu2n531.jpg?width=216&amp;crop=smart&amp;auto=webp&amp;s=2f6138f05d16d24f694a83a6e135ce16a50f226e', 'width': 216}, {'height': 155, 'url': 'https://preview.redd.it/6zvjcrgu2n531.jpg?width=320&amp;crop=smart&amp;auto=webp&amp;s=317cf3580babb52c9b6fc981a2c92c6899f89c6b', 'width': 320}, {'height': 311, 'url': 'https://preview.redd.it/6zvjcrgu2n531.jpg?width=640&amp;crop=smart&amp;auto=webp&amp;s=ba6a1f51c61b3ead546d25fb9340b0fe9db55ef0', 'width': 640}, {'height': 466, 'url': 'https://preview.redd.it/6zvjcrgu2n531.jpg?width=960&amp;crop=smart&amp;auto=webp&amp;s=8fac809e31a0fd90fa5e905842a9edeb5e0a7592', 'width': 960}, {'height': 525, 'url': 'https://preview.redd.it/6zvjcrgu2n531.jpg?width=1080&amp;crop=smart&amp;auto=webp&amp;s=57eac17de2b62a489867e20e6e1b92cedc9dd0df', 'width': 1080}], 'source': {'height': 1960, 'url': 'https://preview.redd.it/6zvjcrgu2n531.jpg?auto=webp&amp;s=990c3b7daec4b2c9be0d10da08469314bbb7602e', 'width': 4032}, 'variants': {}}]}, 'pwls': 6, 'quarantine': False, 'removal_reason': None, 'report_reasons': None, 'saved': False, 'score': 793, 'secure_media': None, 'secure_media_embed': {}, 'selftext': '', 'selftext_html': None, 'send_replies': True, 'spoiler': False, 'stickied': False, 'subreddit': 'SeattleWA', 'subreddit_id': 't5_2vbli', 'subreddit_name_prefixed': 'r/SeattleWA', 'subreddit_subscribers': 91476, 'subreddit_type': 'public', 'suggested_sort': 'confidence', 'thumbnail': 'https://b.thumbs.redditmedia.com/S2LQKq-d8UweTmPppmulouyFvLkhKtNgXM3wCkYz0Fk.jpg', 'thumbnail_height': 68, 'thumbnail_width': 140, 'title': 'Sunset Fremont Bridge Seattle, WA 06.20.2019', 'total_awards_received': 0, 'ups': 793, 'url': 'https://i.redd.it/6zvjcrgu2n531.jpg', 'user_reports': [], 'view_count': None, 'visited': False, 'whitelist_status': 'all_ads', 'wls': 6}]",
[],Iforgotwhatimdoing,,[],,text,t2_pszgk,False,False,False,1561151815,self.Seattle,https://www.reddit.com/r/Seattle/comments/c3gl70/so_my_girlfriend_is_in_ny_right_now_i_asked_her/,{},c3gl70,True,False,False,False,True,True,False,,,[],,dark,text,False,False,True,3,0,False,all_ads,/r/Seattle/comments/c3gl70/so_my_girlfriend_is_in_ny_right_now_i_asked_her/,False,6,1561151817,0,"Having never been there, but driven truck through Seattle for years, I thought y'all would get a kick out of that.",True,False,False,Seattle,t5_2qhad,161595,public,self,"So my girlfriend is in NY right now. I asked her how traffic is. She says it's ""not that bad.""",0,1561263338,https://www.reddit.com/r/Seattle/comments/c3gl70/so_my_girlfriend_is_in_ny_right_now_i_asked_her/,all_ads,6,,,,,,,,,,,,,,
[],CVasaar,,[],,text,t2_3zg7ii1v,False,False,False,1561151015,self.Seattle,https://www.reddit.com/r/Seattle/comments/c3gf26/im_in_love_for_this_summer_shop/,{},c3gf26,False,False,False,False,False,True,False,,,[],,dark,text,False,False,True,1,0,False,all_ads,/r/Seattle/comments/c3gf26/im_in_love_for_this_summer_shop/,False,6,1561151016,1,[removed],True,False,False,Seattle,t5_2qhad,161595,public,https://b.thumbs.redditmedia.com/u73VG8B60GpvEMX14HlmBxpcT1h3mZjlmRNaDExqWAE.jpg,Im in love for this summer shop!!,0,1561263251,https://www.reddit.com/r/Seattle/comments/c3gf26/im_in_love_for_this_summer_shop/,all_ads,6,,,,self,"{'enabled': False, 'images': [{'id': 'n6wQYUZPLSRb_j6WHyXktlEMiRCbkOgxw99R3NkJTNY', 'resolutions': [{'height': 72, 'url': 'https://external-preview.redd.it/tW9D7QtrGvgkMKjkGuWrwyL8FPrZILPz9DqTPmdyqO0.jpg?width=108&amp;crop=smart&amp;auto=webp&amp;s=e4db5b07ff8b91489ccbefae48890ff362d92eaf', 'width': 108}, {'height': 144, 'url': 'https://external-preview.redd.it/tW9D7QtrGvgkMKjkGuWrwyL8FPrZILPz9DqTPmdyqO0.jpg?width=216&amp;crop=smart&amp;auto=webp&amp;s=59cedfd4d557ebc99d4d767a66dfd43210f6681a', 'width': 216}, {'height': 213, 'url': 'https://external-preview.redd.it/tW9D7QtrGvgkMKjkGuWrwyL8FPrZILPz9DqTPmdyqO0.jpg?width=320&amp;crop=smart&amp;auto=webp&amp;s=cc1975ab0ebbcdfbe8c312f90a03b19eeda2f0cc', 'width': 320}, {'height': 426, 'url': 'https://external-preview.redd.it/tW9D7QtrGvgkMKjkGuWrwyL8FPrZILPz9DqTPmdyqO0.jpg?width=640&amp;crop=smart&amp;auto=webp&amp;s=3825a508044b9e3a0e776d213786cdbb42f02f46', 'width': 640}, {'height': 640, 'url': 'https://external-preview.redd.it/tW9D7QtrGvgkMKjkGuWrwyL8FPrZILPz9DqTPmdyqO0.jpg?width=960&amp;crop=smart&amp;auto=webp&amp;s=873199b6e93e2f3ce0870f0d4e678b81324d11c1', 'width': 960}, {'height': 720, 'url': 'https://external-preview.redd.it/tW9D7QtrGvgkMKjkGuWrwyL8FPrZILPz9DqTPmdyqO0.jpg?width=1080&amp;crop=smart&amp;auto=webp&amp;s=ba3bbe3f083e1c1ce5daba112caa12d469bea53d', 'width': 1080}], 'source': {'height': 1080, 'url': 'https://external-preview.redd.it/tW9D7QtrGvgkMKjkGuWrwyL8FPrZILPz9DqTPmdyqO0.jpg?auto=webp&amp;s=ec9c56daf580aed3d80c2597ad1a84989c56ec71', 'width': 1620}, 'variants': {}}]}",93.0,140.0,,,,,,,
[],80nd0,,[],,text,t2_xep32,False,False,False,1561151014,i.redd.it,https://www.reddit.com/r/Seattle/comments/c3gf23/i_grew_up_with_the_sonics_was_pretty_sad_they_left/,{},c3gf23,True,False,False,True,True,False,False,,flair,"[{'e': 'text', 't': 'Media'}]",Media,dark,richtext,False,False,True,65,0,False,all_ads,/r/Seattle/comments/c3gf23/i_grew_up_with_the_sonics_was_pretty_sad_they_left/,False,6,1561151016,1164,,True,False,False,Seattle,t5_2qhad,161595,public,default,I grew up with the Sonic's was pretty sad they left.,0,1561263251,https://i.redd.it/psksoivyxr531.png,all_ads,6,,,,,,,,,,,,,,
[],marilovesatari,,[],,text,t2_yc0gr,False,False,False,1561149819,self.Seattle,https://www.reddit.com/r/Seattle/comments/c3g5wv/anyone_know_of_any_clubs_near_seattle_that_are/,{},c3g5wv,True,False,False,False,True,True,False,,,[],,dark,text,False,False,True,1,0,False,all_ads,/r/Seattle/comments/c3g5wv/anyone_know_of_any_clubs_near_seattle_that_are/,False,6,1561149820,0,i hate old people. I hope i never get old. anyways though i have zero friends and need more friends also im poor.,True,False,False,Seattle,t5_2qhad,161591,public,self,anyone know of any clubs near seattle that are interesting and not full of old retards?,0,1561263110,https://www.reddit.com/r/Seattle/comments/c3g5wv/anyone_know_of_any_clubs_near_seattle_that_are/,all_ads,6,,,,,,,,,,,,,,
[],Millennial_Latina,,[],,text,t2_3k6ftkdf,False,False,False,1561149755,self.Seattle,https://www.reddit.com/r/Seattle/comments/c3g5ep/moving_to_seattle_for_amazon/,{},c3g5ep,False,False,False,False,False,True,False,,,[],,dark,text,False,False,True,2,0,False,all_ads,/r/Seattle/comments/c3g5ep/moving_to_seattle_for_amazon/,False,6,1561149757,1,[removed],True,False,False,Seattle,t5_2qhad,161591,public,self,Moving to Seattle for Amazon,0,1561263102,https://www.reddit.com/r/Seattle/comments/c3g5ep/moving_to_seattle_for_amazon/,all_ads,6,,,,,,,,,,,,,,
[],OnlineMemeArmy,,[],,text,t2_3l1oj988,False,False,False,1561148620,kiro7.com,https://www.reddit.com/r/Seattle/comments/c3fwl0/pike_place_market_artists_crafting_beautiful/,{},c3fwl0,True,False,False,False,True,False,False,,flair,"[{'e': 'text', 't': 'News'}]",News,dark,richtext,False,False,True,1,0,False,all_ads,/r/Seattle/comments/c3fwl0/pike_place_market_artists_crafting_beautiful/,False,6,1561148622,9,,True,False,False,Seattle,t5_2qhad,161591,public,https://b.thumbs.redditmedia.com/2So5UH3QEH2ocXwQeqWx5VH_cesM30v2Y_anV-jZDJE.jpg,Pike Place Market artists crafting beautiful creations out of Alaskan Way Viaduct demolition,0,1561262978,https://www.kiro7.com/news/local/pike-place-market-artists-crafting-beautiful-creations-out-of-alaskan-way-viaduct-demolition/959953373,all_ads,6,,,9f9ba910-f804-11e4-be5c-0ea18645ab5f,link,"{'enabled': False, 'images': [{'id': 'IWl4H9gF7uSRV3H08G3Ii_TDPfTsJhMQ4Er2o9x7NZg', 'resolutions': [{'height': 60, 'url': 'https://external-preview.redd.it/OgvhklmaIHWF_BXtpI5T_QMk4OJWymqM-G0QB7px4Bg.jpg?width=108&amp;crop=smart&amp;auto=webp&amp;s=3f663caeb4627ca55d6c8672279ee89e9cf3215f', 'width': 108}, {'height': 121, 'url': 'https://external-preview.redd.it/OgvhklmaIHWF_BXtpI5T_QMk4OJWymqM-G0QB7px4Bg.jpg?width=216&amp;crop=smart&amp;auto=webp&amp;s=74fc73c5e425edaab4cecf2fe36d3e229160fa63', 'width': 216}, {'height': 180, 'url': 'https://external-preview.redd.it/OgvhklmaIHWF_BXtpI5T_QMk4OJWymqM-G0QB7px4Bg.jpg?width=320&amp;crop=smart&amp;auto=webp&amp;s=63b177d78426331c440f48c31f2766fbd37d9b24', 'width': 320}, {'height': 360, 'url': 'https://external-preview.redd.it/OgvhklmaIHWF_BXtpI5T_QMk4OJWymqM-G0QB7px4Bg.jpg?width=640&amp;crop=smart&amp;auto=webp&amp;s=21aa60f4b2e9ff37ae2184205ce9518e38fe2b41', 'width': 640}], 'source': {'height': 360, 'url': 'https://external-preview.redd.it/OgvhklmaIHWF_BXtpI5T_QMk4OJWymqM-G0QB7px4Bg.jpg?auto=webp&amp;s=72a965491e01f6c773262e16f4170f7ce4ef11aa', 'width': 640}, 'variants': {}}]}",78.0,140.0,,,,,,,
[],amoavo,,[],,text,t2_bjonzf5,False,False,False,1561147859,self.Seattle,https://www.reddit.com/r/Seattle/comments/c3fqub/transit_to_portland_with_dog/,{},c3fqub,True,False,False,False,True,True,False,,,[],,dark,text,False,False,True,3,0,False,all_ads,/r/Seattle/comments/c3fqub/transit_to_portland_with_dog/,False,6,1561147860,0,Are there any options for a carless human and medium-sized dog to get from Seattle to Portland?,True,False,False,Seattle,t5_2qhad,161589,public,self,Transit to Portland with dog?,0,1561262898,https://www.reddit.com/r/Seattle/comments/c3fqub/transit_to_portland_with_dog/,all_ads,6,,,,,,,,,,,,,,
[],krmcelli,,[],,text,t2_ix3v8,False,False,False,1561141325,self.Seattle,https://www.reddit.com/r/Seattle/comments/c3ebno/handyman_recommendations_around_ballard_for/,{},c3ebno,True,False,False,False,True,True,False,,,[],,dark,text,False,False,True,8,0,False,all_ads,/r/Seattle/comments/c3ebno/handyman_recommendations_around_ballard_for/,False,6,1561141326,0,"I'll be moving into a new place in Ballard shortly, and have about 20 pieces (all standard sizes - some 12x12, some 20x24, etc.) that will need hanging. After a search, it looks like it's been a while since there's been a dedicated thread for this, so does anyone have any recommendations in the area?

&amp;#x200B;

I priced it out on Handy, but it feels like they're dramatically over-estimating required time (they're saying about six hours, which feels really high).",True,False,False,Seattle,t5_2qhad,161572,public,self,Handyman recommendations around Ballard for picture hanging?,0,1561262187,https://www.reddit.com/r/Seattle/comments/c3ebno/handyman_recommendations_around_ballard_for/,all_ads,6,,,,,,,,,,,,,,
[],trapmahme,,[],,text,t2_2n1b0bg4,False,False,False,1561140180,self.Seattle,https://www.reddit.com/r/Seattle/comments/c3e2ks/looking_for_higher_end_restaurants_that_offer_a/,{},c3e2ks,True,False,False,False,True,True,False,,flair,"[{'e': 'text', 't': 'Recommendation'}]",Recommendation,dark,richtext,False,False,True,7,0,False,all_ads,/r/Seattle/comments/c3e2ks/looking_for_higher_end_restaurants_that_offer_a/,False,6,1561140181,0,"Unfortunately vegan cuisine is quite limited here in Seattle in regards to options that aren‚Äôt fried or fake meat/cheese products. I‚Äôm curious if any of the higher end restaurants offer a vegan option. (I.e eden hill, art of the table, canlis, how to cook a wolf, herb farm). Any suggestions?",True,False,False,Seattle,t5_2qhad,161569,public,self,Looking for higher end restaurants that offer a vegan option.,0,1561262057,https://www.reddit.com/r/Seattle/comments/c3e2ks/looking_for_higher_end_restaurants_that_offer_a/,all_ads,6,,,9f763cd0-473d-11e8-93f7-0e6f632c214e,,,,,,,,,,,
[],zdogg66,,[],,text,t2_ifs8asa,False,False,False,1561137456,i.redd.it,https://www.reddit.com/r/Seattle/comments/c3dggv/low_tide/,{},c3dggv,True,False,False,True,True,False,False,,flair,"[{'e': 'text', 't': 'Media'}]",Media,dark,richtext,False,False,True,1,0,False,all_ads,/r/Seattle/comments/c3dggv/low_tide/,False,6,1561137458,1,,True,False,False,Seattle,t5_2qhad,161562,public,default,Low tide,0,1561261737,https://i.redd.it/j8b8cjgntq531.jpg,all_ads,6,,,,,,,,,,,,,,
[],Broilier,,[],,text,t2_njwxx,False,False,False,1561136703,i.redd.it,https://www.reddit.com/r/Seattle/comments/c3daes/an_alternate_view_of_downtown_last_night/,{},c3daes,True,False,False,True,True,False,False,,flair,"[{'e': 'text', 't': 'Media'}]",Media,dark,richtext,False,False,True,1,0,False,all_ads,/r/Seattle/comments/c3daes/an_alternate_view_of_downtown_last_night/,False,6,1561136705,0,,True,False,False,Seattle,t5_2qhad,161561,public,default,an alternate view of downtown last night,0,1561261655,https://i.redd.it/nnvgpv0frq531.jpg,all_ads,6,,,cba61046-412a-11e8-8b48-0e90cbddd944,,,,,,,,,,,
[],Spokestoker,,[],,text,t2_3oqajui3,False,False,False,1561132541,self.Seattle,https://www.reddit.com/r/Seattle/comments/c3ccpp/stolen_bike_pioneer_square_seattle/,{},c3ccpp,True,False,False,False,True,True,False,,,[],,dark,text,False,False,True,1,0,False,all_ads,/r/Seattle/comments/c3ccpp/stolen_bike_pioneer_square_seattle/,False,6,1561132542,0,"&amp;#x200B;

[This is a Trek 720 Disc.  Stolen between 6\/19 and 6\/20 from my companies bike room.  Please keep an eye out and remember to lock your bikes.](https://i.redd.it/dtg7snyaeq531.jpg)",True,False,False,Seattle,t5_2qhad,161558,public,self,"Stolen Bike, Pioneer Square Seattle",0,1561261199,https://www.reddit.com/r/Seattle/comments/c3ccpp/stolen_bike_pioneer_square_seattle/,all_ads,6,,,,,,,,,,,,,,"{'dtg7snyaeq531': {'e': 'Image', 'id': 'dtg7snyaeq531', 'm': 'image/jpg', 's': {'u': 'https://i.redd.it/dtg7snyaeq531.jpg', 'x': 4032, 'y': 3024}, 'status': 'valid'}}"
[],shakashaun34,,[],,text,t2_bys1z,False,False,False,1561131057,i.redd.it,https://www.reddit.com/r/Seattle/comments/c3c1gt/the_iconic_lone_bison_passes_away_where_he_lived/,{},c3c1gt,True,False,False,True,True,False,False,,flair,"[{'e': 'text', 't': 'Media'}]",Media,dark,richtext,False,False,True,9,0,False,all_ads,/r/Seattle/comments/c3c1gt/the_iconic_lone_bison_passes_away_where_he_lived/,False,6,1561131059,153,,True,False,False,Seattle,t5_2qhad,161558,public,https://b.thumbs.redditmedia.com/VXs1-0x_N-eVGxOWDvONRkIwCbtnCibALgRZ2PULkiY.jpg,"The iconic ‚ÄúLone Bison‚Äù passes away where he lived his whole life, on his Sunnyside Blvd pasture in Marysville.",0,1561261038,https://i.redd.it/derc2ykmaq531.jpg,all_ads,6,,,,image,"{'enabled': True, 'images': [{'id': 'pTxfrR3HyfoR07GTS4fD-2_rBp9aB4OtwS5xGZbh7io', 'resolutions': [{'height': 76, 'url': 'https://preview.redd.it/derc2ykmaq531.jpg?width=108&amp;crop=smart&amp;auto=webp&amp;s=59b5d0bdba0ae3e410bb4458361d6c947b70c885', 'width': 108}, {'height': 152, 'url': 'https://preview.redd.it/derc2ykmaq531.jpg?width=216&amp;crop=smart&amp;auto=webp&amp;s=3b39395d84dc4d64f719430805771ecff4f2f598', 'width': 216}, {'height': 226, 'url': 'https://preview.redd.it/derc2ykmaq531.jpg?width=320&amp;crop=smart&amp;auto=webp&amp;s=59228a5dc6b49c60b817c344befc1cbdf4009dbd', 'width': 320}, {'height': 452, 'url': 'https://preview.redd.it/derc2ykmaq531.jpg?width=640&amp;crop=smart&amp;auto=webp&amp;s=0b68a9975d7d60398ac51e0a4e33bcd9808b3eec', 'width': 640}, {'height': 678, 'url': 'https://preview.redd.it/derc2ykmaq531.jpg?width=960&amp;crop=smart&amp;auto=webp&amp;s=8666772492335cb2bed996b1e6a34700d0b3e2ae', 'width': 960}], 'source': {'height': 753, 'url': 'https://preview.redd.it/derc2ykmaq531.jpg?auto=webp&amp;s=aa4d57d309b0812bd54d9be6736da6a45540ba67', 'width': 1065}, 'variants': {}}]}",98.0,140.0,,,,,,,
[],OliveChatty,,[],,text,t2_13xjo0,False,False,False,1561130749,self.Seattle,https://www.reddit.com/r/Seattle/comments/c3bz0l/fancy_restaurant_recommendation_in_seattle_area/,{},c3bz0l,True,False,False,False,True,True,False,,,[],,dark,text,False,False,True,26,0,False,all_ads,/r/Seattle/comments/c3bz0l/fancy_restaurant_recommendation_in_seattle_area/,False,6,1561130750,7,"My wife and I moved to Seattle recently from Detroit. We used to celebrate our wedding anniversary at a restaurant that carried so much history (was built in *1894)*   


We are now looking for something a tad similar here to make it our anniversary restaurant. What are some of your recommendations? Looking for great food, elegant atmosphere and maybe a tad of history as well.",True,False,False,Seattle,t5_2qhad,161557,public,self,Fancy restaurant recommendation in Seattle area (maybe with a little bit of history),0,1561261005,https://www.reddit.com/r/Seattle/comments/c3bz0l/fancy_restaurant_recommendation_in_seattle_area/,all_ads,6,,,,,,,,,,,,,,
[],chiquisea,,[],,text,t2_8stvl,False,False,False,1561130632,kuow.org,https://www.reddit.com/r/Seattle/comments/c3by5t/medina_the_suburb_where_bill_gates_lives_says_its/,{},c3by5t,True,False,False,False,True,False,False,,,[],,dark,text,False,False,True,7,0,False,all_ads,/r/Seattle/comments/c3by5t/medina_the_suburb_where_bill_gates_lives_says_its/,False,6,1561130633,4,,True,False,False,Seattle,t5_2qhad,161557,public,default,"Medina, the suburb where Bill Gates lives, says it's strapped for cash",0,1561260993,https://www.kuow.org/stories/medina-the-suburb-where-bill-gates-lives-says-it-s-strapped-for-cash,all_ads,6,,,,,,,,,,,,,,
[],magenta_placenta,,[],,text,t2_3bhyn,False,False,False,1561129469,geekwire.com,https://www.reddit.com/r/Seattle/comments/c3bp1f/new_report_shows_seattle_tech_salaries_average/,{},c3bp1f,True,False,False,False,True,False,False,,,[],,dark,text,False,False,True,19,0,False,all_ads,/r/Seattle/comments/c3bp1f/new_report_shows_seattle_tech_salaries_average/,False,6,1561129469,18,,True,False,False,Seattle,t5_2qhad,161554,public,default,"New report shows Seattle tech salaries average $138K, trailing only Bay Area",0,1561260868,https://www.geekwire.com/2019/nice-raise-new-report-shows-seattle-tech-salaries-average-138k-trailing-bay-area/,all_ads,6,,,,,,,,,,,,,,
[],F2F_Link,,[],,text,t2_c3an6g7,False,False,False,1561129206,self.Seattle,https://www.reddit.com/r/Seattle/comments/c3bmxm/texan_visiting_seattle/,{},c3bmxm,True,False,False,False,True,True,False,,moving,"[{'e': 'text', 't': 'Moving / Visiting'}]",Moving / Visiting,dark,richtext,False,False,True,10,0,False,all_ads,/r/Seattle/comments/c3bmxm/texan_visiting_seattle/,False,6,1561129207,0,"Howdy, everyone!  


I'm going to be flying to Seattle on Wednesday, August 7th with a friend to accompany her for a concert she's been dying to go see.  We're coming from south Texas and this will be our first time in Washington.   


We're only going to be there for the day, and we'll be free from about noon to 7 p.m.  I know it's not much to work with, but I'd like to make the most of it.  


If you had to recommend some things to do, what are, like, the top 3 that you feel people should see? I'd really enjoy the opinions of locals.   


Thanks for reading,

F2F\_Link",True,False,False,Seattle,t5_2qhad,161554,public,self,Texan Visiting Seattle,0,1561260838,https://www.reddit.com/r/Seattle/comments/c3bmxm/texan_visiting_seattle/,all_ads,6,,,,,,,,,,,,,,
[],Teacherinapickle,,[],,text,t2_383o5qyf,False,False,False,1561128582,self.Seattle,https://www.reddit.com/r/Seattle/comments/c3bib7/accepted_a_teaching_position_in_seatac_where_can/,{},c3bib7,False,False,False,False,False,True,False,,,[],,dark,text,False,False,True,2,0,False,all_ads,/r/Seattle/comments/c3bib7/accepted_a_teaching_position_in_seatac_where_can/,False,6,1561128583,2,[removed],True,False,False,Seattle,t5_2qhad,161553,public,self,Accepted a teaching position in Seatac. Where can I find an apartment with a dog over 30 pounds?,0,1561260776,https://www.reddit.com/r/Seattle/comments/c3bib7/accepted_a_teaching_position_in_seatac_where_can/,all_ads,6,,,,,,,,,,,,,,
[],GoldenGladeGuru,,[],,text,t2_z1wcn,False,False,False,1561126198,self.Seattle,https://www.reddit.com/r/Seattle/comments/c3b0ld/found_keychain/,{},c3b0ld,True,False,False,False,True,True,False,,,[],,dark,text,False,False,True,0,0,False,all_ads,/r/Seattle/comments/c3b0ld/found_keychain/,False,6,1561126199,7,"Found a keychain with three small plushes, an orca card and an office pass card(?) On the sidewalk at the Mountlake Terrace transit station. 

I took it to ask the people on the platform if they'd lost it but now it's with me =/ sorry about that 

Let me know if it's yours.",True,False,False,Seattle,t5_2qhad,161547,public,self,Found: keychain,0,1561260539,https://www.reddit.com/r/Seattle/comments/c3b0ld/found_keychain/,all_ads,6,,,,,,,,,,,,,,
[],antikarma98,,[],,text,t2_luf6zzb,False,False,False,1561124619,self.Seattle,https://www.reddit.com/r/Seattle/comments/c3apzv/beths_caf√©_made_me_a_fat_man/,{},c3apzv,True,False,False,False,True,True,False,,,[],,dark,text,False,False,True,39,0,False,all_ads,/r/Seattle/comments/c3apzv/beths_caf√©_made_me_a_fat_man/,False,6,1561124622,17,"I was a young man, svelte and muscular and healthy, when I discovered Beth's Caf√© and started eating there 2-4 times weekly. Oh, man, those yummy and enormous omelets, and all the not-great-but-OK hash browns you could eat ... and I could eat plenty.

Thirty years ago I moved away from Seattle, and since then I've lost more weight than I weighed the last time I ate at Beth's. But I'm visiting the Emerald City next week, and planning to eat at Beth's Caf√© again ... 2-4 times.

Just one question: Are the omelets still as terrific as they used to be? Everything else in the world has gotten worse, but I'm hoping Beth's breaks that rule...",True,False,False,Seattle,t5_2qhad,161548,public,self,Beth's Caf√© made me a fat man.,0,1561260393,https://www.reddit.com/r/Seattle/comments/c3apzv/beths_caf√©_made_me_a_fat_man/,all_ads,6,,,,,,,,,,,,,,
[],Suelli5,,[],,text,t2_12foyy,False,False,False,1561124563,self.Seattle,https://www.reddit.com/r/Seattle/comments/c3apm4/first_time_landlord_to_be_looking_for/,{},c3apm4,True,False,False,False,True,True,False,,,[],,dark,text,False,False,True,29,0,False,all_ads,/r/Seattle/comments/c3apm4/first_time_landlord_to_be_looking_for/,False,6,1561124564,0,"Hey all, I‚Äôve never been a landlord before. I‚Äôll be renting out my small condo while away at school for a few years, and I‚Äôm wondering what sites would best for advertising my place AND would let me post ASAP. I ‚Äòm hoping to line up a renter for Aug. 1, but since I didn‚Äôt have much lead time for my relocation, I‚Äôm just now finishing renovations (fresh paint, new floors, &amp;other improvements). My bedrooms floors are supposed to be completed Tuesday. I am hoping to have an open house June 27.

I‚Äôm going to post a sign outside my building, and I am going to use Craigslist b/c it‚Äôs free, but I am wondering about other options. My place is in a super convenient location and inc a parking space,  but it was built in 1969 and doesn‚Äôt have all the amenities new apartments have. 

I have a friend who‚Äôs a landlord helping me with all the paperwork, but he‚Äôs had the same renters for years and hasn‚Äôt had to advertise. 

TIA for any help.",True,False,False,Seattle,t5_2qhad,161548,public,self,First time landlord to be looking for recommendation on where to advertise,0,1561260388,https://www.reddit.com/r/Seattle/comments/c3apm4/first_time_landlord_to_be_looking_for/,all_ads,6,,,,,,,,,,,,,,
[],antikarma98,,[],,text,t2_luf6zzb,False,False,False,1561123644,self.Seattle,https://www.reddit.com/r/Seattle/comments/c3ajv6/beths_made_ma_a_fat_man/,{},c3ajv6,True,False,False,False,True,True,False,,moving,"[{'e': 'text', 't': 'Moving / Visiting'}]",Moving / Visiting,dark,richtext,False,False,True,0,0,False,all_ads,/r/Seattle/comments/c3ajv6/beths_made_ma_a_fat_man/,False,6,1561123645,1,"Well, not really -- I was already fat when I started dining at Beth's Caf√© 2-4 times weekly, thirty years ago. Since then I've moved away, and lost more weight than I weigh. But I'm visiting Seattle next week, and planning to eat at Beth's again ... 2-4 times.

Just one question: Are the omelets still as terrific as they used to be? Everything else in the world has gotten worse (including me) but I'm hoping Beth's breaks that rule...",True,False,False,Seattle,t5_2qhad,161546,public,self,Beth's made ma a fat man.,0,1561260309,https://www.reddit.com/r/Seattle/comments/c3ajv6/beths_made_ma_a_fat_man/,all_ads,6,,,,,,,,,,,,,,
